,name_chain,chain_id
0,Mister Donut (มิสเตอร์ โดนัท),0
1,Dairy Queen (แดรี่ควีน),1
2,ชายสี่บะหมี่เกี๊ยว,2
3,Dayicecream,3
4,Muanchon Coffee (กาแฟมวลชน),4
5,Chao Doi Coffee (กาแฟชาวดอย),5
6,ราชาบะหมี่เกี๊ยว,6
7,Swensen's (สเวนเซ่นส์),7
8,Coffee Arigato (คอฟฟี่ อะริกาโตะ),8
9,Kiko Cha (กิโกะชา),9
10,Southern Coffee (เซาท์เทิร์น คอฟฟี่),10
11,ก๋วยจั๊บหมูกรอบ (เฮียสุย) ยะลา ,11
12,Café Amazon (คาเฟ่ อเมซอน),12
13,MK Restaurants (เอ็มเค เรสโตรองต์),13
14,เด็กชา,14
15,Krua Wang Pae (ครัววังแพะ),15
16,The Pizza Company (เดอะ พิซซ่า คอมปะนี),16
17,BonChon (บอนชอน),17
18,KFC (เคเอฟซี),18
19,McDonald's (แมคโดนัลด์),19
20,ซาลาเปาโกอ้วน,20
21,ต้าเหยิน,21
22,ไก่ทอดโอปป้า,22
23,Kamu Tea (คามุ),23
24,Auntie Anne's (อานตี้ แอนส์),24
25,Chester's (เชสเตอร์),25
26,Potato Corner (โปเตโต้ คอร์เนอร์),26
27,Nobicha (โนบิชา),27
28,Pizza Hut (พิซซ่าฮัท),28
29,ไก่เกาหลี Indy,29
30,Fuji Japanese Restaurant (ฟูจิ เจแปนนิส เรสเตอร์รอง),30
31,After You Dessert Cafe (อาฟเตอร์ยู),31
32,สเต็กลุงหยิก,32
33,S&P Restaurant (เอสแอนด์พี เรสเตอรองต์),33
34,Sukishi Korean Charcoal Grill (ซูกิชิ โคเรียน ชาร์โคล กริลล์),34
35,Starbucks (สตาร์บัคส์),35
36,Oishi Kitchen (โออิชิ คิทเช่น),36
37,Yayoi Japanese Restaurant (ยาโยอิ),37
38,Cold Stone Creamery (โคลด์ สโตน ครีมเมอรี่),38
39,Cha' Mingo,39
40,OOTOYA (โอโตยะ),40
41,Shabushi (ชาบูชิ),41
42,Sizzler (ซิซซ์เล่อร์),42
43,Bar B Q Plaza (บาร์บีคิวพลาซ่า),43
44,Oishi Buffet (โออิชิ บุฟเฟ่ต์),44
45,Milk Land,45
46,Dunkin (ดังกิ้น),46
47, Popcorn Major ,47
48,True Coffee (ทรู คอฟฟี่),48
49,Texas Chicken (เท็กซัส ชิคเก้น),49
50, Bun ( บัน),50
51,PunThai Coffee (กาแฟพันธุ์ไทย),51
52,Momizu House,52
53,S&P Bakery Shop,53
54,โรงนม,54
55,TrueCoffee GO (ทรูคอฟฟี่ โก),55
56,Rin Rin Bubble Milk Tea (ริน ริน),56
57,อ้วนบะกุ๊ดเต๋,57
58,Deli Cafe (เดลี่ คาเฟ่),58
59,เฮียไก่ซีฟู้ด,59
60,Miyazaki Japanese Teppan Dining (มิยาซากิ เทปปันยากิ),60
61,โอชิเน,61
62,ขนมจีนป้าชื่น,62
63,kimkun (คิมคุน),63
64,BonCafe' (บอนกาแฟ),64
65,Majime (มาจิเมะชานมไข่มุก),65
66,Shabu Indy (ชาบู อินดี้),66
67,Buta Shabu (บูตะ ชาบู),67
68,Yomie's Rice x Yogurt,68
69,Manee Mee Nom (มานีมีนม),69
70,O' s Coffee by Opal (โอส์คอฟฟี่ บาย โอปอลล์),70
71,ชาบู ชาบู นางใน,71
72,OWL CHA,72
73,Lotus's Eats,73
74,วัวล้วนๆ ไม่มีควายผสม,74
75,กาแฟดอยช้าง,75
76,Fuku Matcha (ฟุกุ มัทชะ),76
77,ZERO kcal x Kalamare,77
78,Pang Ping Cafe (ปังปิ้ง คาเฟ่),78
79,Hachiban Ramen (ฮะจิบัง ราเมน),79
80,Kitchen Plus (คิทเช่น พลัส),80
81,Secret Garden (ซีเครท การ์เด้น),81
82,Jeffer Steak (เจฟเฟอร์ สเต็ก),82
83,กุ้งถัง,83
84,FRESHY FREEZE (เฟรชชี่ ฟรีซ),84
85,Black Canyon (แบล็คแคนยอน),85
86,ชาบู อู๊ดเป็นต่อ,86
87,B's Sweet (บีส์ สวีท),87
88,Chincha (ชินชา),88
89,หนานหยวน,89
90,Mun Duey Tua,90
91,Inthanin Coffee (อินทนิลคอฟฟี่),91
92,เขียง,92
93,Oishi Ramen (โออิชิ ราเมน),93
94,ใส่นม,94
95,ถนัดศรีเป็ดย่างอินเตอร์,95
96,เลตรัง,96
97,เกาลัดเถ้าแก่เนียะ,97
98,Sha Bear,98
99,khimuk1 (ไข่มุกบาทเดียว),99
100,อาอี๋เนื้อย่างเกาหลี,100
101,Little Home Bakery (ลิตเติลโฮมเบเกอรี่),101
102,Kyo Roll En (เคียว โรล เอ็น),102
103,โชคดีแต่เตี้ยม,103
104,ลูกชิ้นทิพย์,104
105,หลานตาชู,105
106,Cafe Kantary (คาเฟ่ แคนทารี),106
107,ข้าวมันไก่เจ๊เหนียว,107
108,ไทยโอชา,108
109,กินเส้น,109
110,ร้านโกปี๊ 1942 - นครศรีธรรมราช,110
111, PARADAi Crafted Chocolate & Cafe,111
112,The SnowCap Bingsoo,112
113,D'Oro (ดิโอโร่),113
114,The Fire Bear (หมีพ่นไฟ),114
115,ไก่อบโอ่งเมืองคอน สูตรสมุนไพร,115
116,Monkey Shake,116
117,หมี่ต้นโพธิ์,117
118,Fresh Me (เฟรช มี),118
119,Yamazaki (ยามาซากิ),119
120,ตำมั่ว,120
121,Katsuya (คัตสึยะ),121
122,ZEN Japanese Restaurant (เซ็น เจแปนนิส เรสเตอร์รอง),122
123,ก๋วยเตี๋ยวต้มยำกุ้งมะนาวไข่หวาน,123
124,Pepper Lunch (เปปเปอร์ ลันช์),124
125,Olino Crepe & Tea (โอลิโนะ เครป แอนด์ ที),125
126,แหลมเจริญซีฟู้ด,126
127,On the Table (ออน เดอะ เทเบิล),127
128,You&I Premium Suki Buffet (ยู แอนด์ ไอ พรีเมี่ยม สุกี้ บุฟเฟ่ต์),128
129,OISHI EATERIUM (โออิชิ อีทเทอเรียม),129
130,SF Popcorn Delivery (เอส เอฟ ป๊อปคอร์น),130
131,กล้วยน้ำว้า,131
132,AKA Japanese Restaurant (อากะ),132
133,Sukishi Everyday,133
134,KOI The' (โคอิ เตะ),134
135,แมงโก้ มาเนีย,135
136,ก๋วยเตี๋ยวดู๋ดี๋,136
137,Haidilao Thailand,137
138,ไก่ทอง ออริจินัล ,138
139,ชามิจิ,139
140,Bread Talk (เบรด ทอล์ค),140
141,Duc de Praslin Belgium (ดุ๊ค เดอพราแลงเบลเยี่ยม),141
142,Haagen-Dazs (ฮาเก้น-ดาส),142
143,Godiva,143
144,กุ้งตระกร้าเศรษฐี,144
145,Muteki By Mugendai (มูเทกิ บาย มูเกนได),145
146,Wine Connection (ไวน์ คอนเน็คชั่น),146
147,ราชาลิง By HO-MU,147
148,Guu roti & Cafe (กูโรตี แอนด์ คาเฟ่),148
149,Torry's Ice cream,149
150,โอปป้า ไก่กรอบ ซอสเกาหลี,150
151,Moma’s Bubble Tea,151
152,Burger King (เบอร์เกอร์คิง),152
153,TOM N TOMS COFFEE (ทอมแอนท์ทอมส์คอมฟี่),153
154,Blue Elephant (บลู เอเลเฟ่นท์),154
155,กาแฟสดเด่นชัย,155
156,Mongni Cafe (หม่องนี่ คาเฟ่),156
157,นายช่างก๋วยเตี๋ยวเรืออยุธยา,157
158,Hong Bao (หงเปา),158
159,JINCHA  TAIWAN BUBBLE TEA,159
160,DEAN & DELUCA (ดีน แอนด์ เดลูก้า),160
161,Suay Restaurant,161
162,ไก่ทอดหาดใหญ่ไชน่า,162
163,Tiger Sugar (ไทเกอร์ชูกาส์),163
164,Urban Pizza,164
165,เจียงลูกชิ้นปลา,165
166,UOTERU SUISAN,166
167,Paknam Seafood (ปากน้ำซีฟู้ด),167
168,Gloria Jean's coffees (กลอเรีย จีนส์ คอฟฟี่),168
169,THE COFFEE CLUB (เดอะ คอฟฟี่ คลับ),169
170,สเต็กเด็กแนว,170
171,ถืกคิง อ๊อฟฟี่,171
172,ชาพะยอม,172
173,Kakashi By Oishi (คาคาชิ บาย โออิชิ),173
174,เอ้กอี๊เอ้กเอ้ก วาฟเฟิล,174
175,Ochaya (โอชายะ),175
176,Lifefarm Official ,176
177,Larb Nua (ลาบนัว),177
178,ลำพู,178
179,สเต็กลุงหนวด,179
180,ชาตรามือ,180
181,เรือนไทยซีฟู้ด,181
182,สวนร่มไม้,182
183,ชาลงกา,183
184,Hard Rock Cafe (ฮาร์ดร็อค คาเฟ่),184
185,El Gaucho Argentinian Steakhouse (เอลเกาโช่),185
186,Zaap Classic (แซ่บ คลาสสิค),186
187,ก๋วยเตี๋ยวข้างบ้าน,187
188,ไจแอ้นลูกชิ้นปลาระเบิดเถิดเทิง,188
189,Shong Cha,189
190,A-Roi-Jung TeRiYaKi (อร่อยจัง-เทอริยากิ),190
191,บ้านย่า สเต็ก เฮ้าส์,191
192,Seiki Sushi Bar (เซกิ ซูชิบาร์),192
193,Oom Oom Donut (ออม ออม โดนัท),193
194,Rabika Coffee (ราบิก้า คอฟฟี่),194
195,พรแหนมเนือง,195
196,Coffee World (คอฟฟี่ เวิลด์),196
197,เฉาก๊วยเต็งหนึ่ง,197
198,Hops Addict (ฮอปส์ แอดดิค),198
199,Waraporn Sarapao (วราภรณ์ซาลาเปา),199
200,DAIDOMON (ไดโดม่อน),200
201,เตาถ่านโคขุนโพนยางคำ,201
202,California Steak Restaurant,202
203,Choongman Chicken Thailand,203
204,Steak P'Mhee (สเต๊กพี่หมี),204
205,Mikka Café & Bakery,205
206,Ting Ting (ถิงถิง),206
207,CoCoICHIBANYA (โคโค่ อิฉิบันยะ),207
208,Sushi Mega (ซูชิ เมกะ),208
209,Krispy Kreme (คริสปี้ครีม),209
210,Sukiya (สุคิยะ),210
211,HOT POT  BUFFET (ฮอท พอท บุฟเฟต์),211
212,The Alley (ดิ แอร์ลี่),212
213,ชาบูบู๊ตึ๊ง,213
214,No. 43 Italian Bistro (นัมเบอร์ 43 อิตาเลียน บิสโตร),214
215,Au Bon Pain (โอ บอง แปง),215
216,โจ๊กบางกอก,216
217,The Bear Hokkaido Milk Tea,217
218,BLK Boba (แบลคโบบา),218
219,ทานนะ ซูชิ,219
220,VIP ส้มตำ Club (วีไอพี ส้มตำ คลับ),220
221,DAKASI (ดาคาซี่),221
222,บัวลอยปริญญา ลาวาไส้ทะลัก,222
223,panda18tea,223
224,My One Vietnam Food (มายวันอาหารเวียตนาม),224
225,เช็งซิมอี๊,225
226,La Baguette (ลา บาแกตต์),226
227,แม่ศรีเรือน,227
228,วีที แหนมเนือง,228
229,ชอบชา,229
230,Tuna Ichiban Japanese Restaurant (ทูน่า อิชิบัน เจแปนนิส เรสเทอร์รอง),230
231,Saab Inter (แซ่บอินเตอร์),231
232,MaruCha (มารุชา),232
233,Preecha Seafood (ปรีชาซีฟู้ด),233
234,Curry of the Caribbean,234
235,Jindo's Chicken,235
236,SWEET ESCAPE (สวีท เอสเคป),236
237,ก๋วยเตี๋ยวต้มยำสุโขทัย,237
238,Rosniyom Noodle (ก๋วยเตี๋ยวเรือรสนิยม),238
239,ลลลล ลำลำลับแล,239
240,Bikeparkcafe,240
241,Bake a wish Japanese Homemade Cake (เบค อะ วิช เจแปนนิส โฮมเมด เค้ก),241
242,Chacheese Tea bar (ชาชีสทีบาร์),242
243,Yunnan (ข้าวขาหมูยูนนาน),243
244,เล็กอาหารป่า,244
245,ไข่หวานบ้านซูซิ,245
246,ดอยคำ,246
247,Sushi Express (ซูชิ เอ็กซ์เพรส),247
248,Chounan (โชวนัน),248
249,ตำยำยั่ว by โบตั๋น ,249
250,ข้าวต้มปลา164,250
251,Miss Mamon (มิส มาม่อน),251
252,Giants Yakiniku (ไจแอนท์ ยากินิกุ),252
253,JIM's Burgers & Beers (จิมเบอร์เกอร์แอนด์เบียร์),253
254,Gai Gao Korean Restaurant (ไก่เกา),254
255,Sushiro (ซูชิโระ),255
256,Only Yum,256
257,ตี๋เล็ก ขนมจีบ ซาลาเปา,257
258,นินจาหม่าล่า,258
259,ปังอั้ยยะ ปังปิ้งไส้เยิ้ม,259
260,บ้านไร่กาแฟ,260
261,NOK IANG (นกเอี้ยง),261
262,GRAND COFFEE BOY (กาแฟแกรนด์คอฟฟี่บอย),262
263,สวนอาหารเพื่อน,263
264,วุ้นเป็ดธนัน,264
265,น้อยเบเกอรี่,265
266,19nineteen ชานมไข่มุก ,266
267,Sushi on Fire,267
268,Chafe (ชาเฟ่),268
269,Carl's Jr (คาร์ล จูเนียร์),269
270,Bangkok Grill (บางกอกกริลล์),270
271,All Coco (ออล โคโค),271
272,Weasel Coffee Thailand (วีเซล คอฟฟี่),272
273,วัวล้วนๆไม่มีควายผสม พลัส,273
274,แจ่วชาบู,274
275,maxbeef   Buffet,275
276,Washi,276
277,Liu Cha   (ลิ่วชา),277
278,Shong Cha Brown Sugar,278
279,Phoenix Lava,279
280,Kanomjeen Bangkok (ขนมจีนบางกอก),280
281,มุมอร่อย,281
282,Sqeeze By Tipco (สควีซ),282
283,The Glass House (เดอะ กลาส เฮ้าส์),283
284,เลือดหมูคุณศรี,284
285,Icing Me (ไอซิ่งมี),285
286,เสวย,286
287,Arno's Group,287
288,วุ้นกบไต้หวัน,288
289,A&W (เอแอนด์ดับบลิว),289
290,Yum Saap (ยำแซ่บ),290
291,Teddy's Bigger Burgers (เทดดี้ส์ บิ๊กเกอร์ เบอร์เกอร์),291
292,Original Handmade Cake,292
293,KINKAO (กินข้าว),293
294,Grillicious by Beirut,294
295,NARA Thai Cuisine (นารา ไทย คูซีน),295
296,ปั้นคำหอม  ขนมไทยและเบเกอรี่,296
297,Mihimihi,297
298,ป้อน,298
299,มะ ละ กอ,299
300,Segafredo Zanetti Espresso (เซกาเฟรโด ซาเนตติ เอสเปรสโซ่),300
301,Hollys Coffee (ฮอลลี่คอฟฟี่),301
302,Hawker Chan (ฮอกเกอร์ ชาน),302
303,Misoya Ramen (ราเมง มิโซยะ),303
304,Fin Shabu (ฟินชาบู),304
305,ทงคัตสึคะซังราเมน,305
306,Hongkong Noodle (ฮ่องกงนู้ดเดิ้ล),306
307,Hokkaido Baked Cheese Tart Thailand,307
308,Subway (ซับเวย์),308
309,BlueSpice (บลูสไปซ์),309
310,The Bibimbab (เดอะ บิบิมบับ),310
311,Shakariki 432 (ชาคาริคิ 432),311
312,Uni lover,312
313,Joom Zap Hut (จุ่มแซบฮัท),313
314,Fin Sushi (ฟิน ซูชิ),314
315,HopfAddict,315
316,Secret Recipe (ซีเคร็ท เรซิพี),316
317,TOOK LAE DEE (ฟู้ดแลนด์ ถูกและดี),317
318,โตเกียว เทปันยากิ,318
319,Tamnanthai Restaurant (ตำนานไทย),319
320,ขนมบ้าบิ่น คุณเศวต,320
321,Ippudo (อิปปุโดะ),321
322,The Cream & Fudge Factory,322
323,Teraoka Gyoza (เทราโอกะ เกี๊ยวซ่า),323
324,Benihana (เบนิฮานา),324
325,Domino's Pizza (โดมิโน่พิซซ่า),325
326,Mezzo (เมซโซ่),326
327,Kudsan Bakery & Coffee (คัดสรร ),327
328,Boat Bakery (โบ๊ต เบเกอรี่),328
329,เจ๊เตี้ยราดหน้ากระทุ่มแบน,329
330,เจ๊เกียง โจ๊กกองปราบ,330
331,อร่อยดี,331
332,หนึ่งราดหน้ายอดผัก,332
333,Sushi Hana (ซูชิฮานะ),333
334,ราดหน้ายอดผักนายเคี้ยงเอ็มไพร์,334
335,ปังสยาม พ.ศ.๒๕๑๕,335
336,หมูยอ ป.อุบล /ก๋วยจั๊บญวน by ป.อุบล ,336
337,Nami,337
338,หนุ่ม & รัตน์ หมูทอด ซ.ประมวล,338
339,Gateaux House (กาโตว์ เฮ้าส์),339
340,ANI Sushi (อันนิซูชิ),340
341,Tokyo Bowl (โตเกียว โบวล์),341
342,Hokkaido Milk,342
343,Shanghai Moon - Chinese Desserts (อาอี๊ เต้าทึงร้อน-เย็น),343
344,Five Star Chicken (ไก่ย่างห้าดาว),344
345,Umai by Tohkai,345
346,ShabuGo Buffet (ชาบูโก บุฟเฟต์),346
347,บ้านคุณกบ,347
348, คาเฟ่ ชาชงบางกอก   ๒๕๕๙,348
349,ไก่ย่างห้าดาว ไก่ทอด,349
350,เพลินพุง,350
351,สุดทางรัก,351
352,Bucket Berg,352
353,ทาโกะยากิ ทาโกะหมึกแดง,353
354,RAMEN KOURAKUEN (ราเมง โคราคุเอ็น),354
355,Chokul Shabu (โชกุล ชาบู),355
356,Fruzberry,356
357,Nippon Tei (นิปปอน เทอิ),357
358,Saboten (ซาโบเต็น),358
359,ข้าวแกงถนัดแดก,359
360,นิตยาไก่ย่าง,360
361,ตำอินดี้,361
362,ก๋วยเตี๋ยวเตาถ่านออนเซ็น ,362
363,คั่วไก่เจ๊เนี้ยว,363
364,สวนผัก โอ้กะจู๋,364
365,เจ๊หอย,365
366,อิ่มเอิบแหนมเนือง,366
367,MOS BURGER (มอส เบอร์เกอร์),367
368,สมนึกไก่ย่าง,368
369,Thai Terrace (ไทยเทอเรส),369
370,เล่งหงษ์,370
371,ปั้นลี่เบเกอรี่,371
372,โทริมารุ คาราอาเกะ,372
373,BLACKJACK Caffe (แบล็คแจ็ค),373
374,Meetang Steak (มีตังค์ สเต็ก),374
375,Kouen Sushi Bar (โคเอ็นซูชิบาร์),375
376,อิ่มปลาเผา,376
377,โกปี๊ สยาม,377
378,Sushi Hiro (ซูชิฮิโระ),378
379,โกดังนมสด,379
380,Mr.Shake (มิสเตอร์เชค),380
381,เรือนเพชรสุกี้,381
382,Panda King Chinese Food (แพนด้า คิงส์),382
383,TAROTO (ทาโรโตะ),383
384,Laoyuan (ลาวญวน),384
385,Wall's (วอลล์),385
386,ลิ้มเหล่าโหงว,386
387,Yoshinoya (โยชิโนยะ),387
388,Jones' Salad (โจนส์ สลัด),388
389,Marra'Cha,389
390,Bonjour (บองชู),390
391,ก๋วยเตี๋ยวไม่จำเจ Panda Veggie Noodles,391
392,หยกสด ขนมไทยใบเตย,392
393,กะเพรา แม่บง,393
394,โกปี๊เฮี้ยะไถ่กี่,394
395,Maguro Sushi (มากุโระ ซูชิ),395
396,ฮั่วเซ่งฮง,396
397,แดกป่ะ พิซซ่าถูก,397
398,Oni milk & tea,398
399,Baimiang Healthy Shop,399
400,Ka nom FU (ขนมฟู),400
401,ไผ่ทองสเตชั่น,401
402,สอาดเสวย ลูกชิ้นปลา,402
403,กล้วยทอดอัมพวา by โมโต้,403
404,Mungkornbin (มังกรบิน),404
405,Moomgapao (มุมกะเพรา),405
406,Magnolia icecream (ไอศกรีมแมกโนเลีย),406
407,RedSun (เรดซัน),407
408,Kabocha Sushi (คาโบฉะ ซูชิ),408
409,Ono Sushi,409
410,ห่อหมกพุดดิ้ง,410
411,Tonklar Facai (ต้นกล้า ฟ้าใส),411
412,SeoulChon (โซชอน),412
413,Yogurtland (โยเกิร์ตแลนด์),413
414,ซาลาเปาทับหลี ประกายจันทร์,414
415,ก๋วยเตี๋ยวหมูต้มยำตำลึงนายเอก,415
416,TO BE COFFEE (ทูบี คอฟฟี่),416
417,เจ๊อ้อย หมี่กระเฉดตลาดพลู,417
418,WaQ Yakiniku (วาคิว ยากินิคุ),418
419,April’s Bakery Delivery,419
420,แสนแซ่บ,420
421,หมูทอดกอดคอ,421
422,Flash Coffee Thailand,422
423,อืมม!..มิลค์,423
424,Chubbies,424
425,Baskin Robbins (บาสกิ้นร้อบบิ้นส์),425
426,MX Cakes & Bakery (เอ็ม เอกซ์ เค้ก แอนด์ เบเกอรี),426
427,บุญตงกี่,427
428,ก๋วยเตี๋ยวนายใบ้ย้อนยุค,428
429,the baristro,429
430,บ้านเค้ก Homemade,430
431,Saint Etoile by Yamazaki (แซง เอตัวล์ บาย ยามาซากิ),431
432,COFFEE A DAY (คอฟฟี่ อะ เดย์),432
433,Santa Fe' Steak (ซานตา เฟ่ สเต็ก),433
434,Tsukemen Jo,434
435,The Orchard Restaurant (ดิ ออร์ชาด เรสเตอรองท์),435
436,Stamina En,436
437,KIN DONBURI Café (คินดงบุรี คาเฟ่),437
438,Tudari (ทูดาริ),438
439,Jiffy (จิฟฟี่),439
440,เรือนปั้นหยา,440
441,Kin Japanese Buffet & Ramen (คิน เจแปนนิส บุฟเฟต์ แอนด์ ราเมง),441
442,Tohkai (โตไก ),442
443,Rosetta Pad Riew,443
444,Mad Cocoa,444
445,The Nine Steak (เดอะ นายน์สเต็ก),445
446,Pearly Tea (เพิร์ลลี่ ที),446
447,ไก่ย่างห้าดาว-ไก่ย่าง,447
448,KhaoHaeng (ข้าวแห้งนายเล้ง),448
449,Ekkamai Macchiato,449
450,LINEMAN KITCHEN,450
451,ครัวเมืองเว้,451
452,Shinkanzen Sushi (ชินคันเซ็น ซูชิ),452
453,GuGu Chicken Korean Crispy Chicken,453
454,หมูทอดบ้านแขก,454
455,ข้าวหมูทอดอร่อยมาก,455
456,กู๋หว่าไจ๋  (ข้าวหมูทอดกู๋หว่าไจ๋ ),456
457,ก๋วยเตี๋ยวหมูต้มยำตำลึงนายเอก ,457
458,Krung Gastro ,458
459,เป่าซิงสุกี้,459
460,หมูทอดในตำนาน,460
461,ก่วงเฮง,461
462,คั่วไก่ดาวทอง,462
463,Heng Hoi Tod ChawLae (เฮงหอยทอดชาวเล),463
464,โจ๊กหมูทอง,464
465,Tencho,465
466,Salad Factory (สลัดแฟคทอรี่),466
467,Sweet Time (สวีท ไทม์),467
468,รสโปรด,468
469,ตำยั่ว ครกยักษ์,469
470,ขาหมู 5 รางวัลอร่อย,470
471,ครัวเจ๊ง้อ,471
472,อองตอง ข้าวซอย ,472
473,Best beef,473
474,Tim Hortons,474
475,สเต็กลุงใหญ่,475
476,SEE FAH (สีฟ้า),476
477,ราดหน้านพดล,477
478,Cafe Cococano (คาเฟ่ โคโคคาโน่),478
479,ปลาสีส้ม,479
480,Fire Chilli,480
481,โจ๊กสามย่าน,481
482,ลูกชิ้นปิ้งน้ำจิ้มบ้านปลาแดง,482
483,KINZA GYOZA (คินซ่า เกี๊ยวซ่า),483
484,มิดไนท์ไก่ตอนประตูน้ำ ,484
485,ก๋วยจั๊บนายเล็ก (อ้วน),485
486,gram Pancakes (แกรม แพนเค้ก),486
487,Vistacafé (วิสต้า คาเฟ่),487
488,Greyhound Café (เกรย์ฮาวด์ คาเฟ่),488
489,MukuTbar,489
490,ปูไข่ดอง โกลเด้น,490
491,Tenjo Sushi & Yakiniku Premium Buffet (เท็นโจ ซูชิ&ยากินิกุ พรีเมี่ยมบุฟเฟ่ต์),491
492,Ting Tai Fu (ติ่ง ไท้ ฝู),492
493,Penguin ปิ่นโต,493
494,Bar B Q Resort (บาร์บีคิว รีสอร์ท),494
495,Shibuya Shabu (ชิบูย่า ชาบู),495
496,KOFUKU Original Style (โคฟูกุ ออริจินัล สไตล์),496
497,Monster's Curry,497
498,มะม่วงกะปิหวาน สูตรเจ้เล้งดอนเมือง Zeed&Sour,498
499,Buntudthong Pochana (ลูกชิ้นปลาบรรทัดทอง),499
500,บะหมี่แพร่งภูธร,500
501,Mermaid Coffee (เมอร์เมด คอฟฟี่),501
502,ราชารส ก๋วยเตี๋ยวเรือ เนื้อ-หมู รสเด็ด,502
503,โชคดีติ่มซำ,503
504,SUSHI DEN (ซูชิ เด็น),504
505,นายอ้วนเย็นตาโฟเสาชิงช้า,505
506,Wolf tea (วูฟที),506
507,ครัวอัปษร,507
508,Dad's Shop Restaurant (ร้านของพ่อ),508
509,NANA Coffee Roaster,509
510,Shabu de bear (ชาบูเดอแบร์),510
511,Maru Waffle (มารุ วาฟเฟิล),511
512,FUKU INTOWN (ฟุคุ อินทาวน์),512
513,ต้าหลง,513
514,Bun101 Wholewheat,514
515,Hongmin (ฮองมิน),515
516,HOSHI JAPANESE RESTAURANT (โฮชิ เจแปนนิช เรสเตอรอง),516
517,Minato Sushi Bar & Restaurant ,517
518,BaoBing,518
519,Shiba Hokkaido Milk Tea (ชิบะ ฮอกไกโด มิลค์ที),519
520,โกเท้ (สมชัย),520
521,ก๋วยจั๊บญวน by ป.อุบล  1,521
522,28ml Specialty Coffee & Tea Bar,522
523,Cub House Grayhound Cafe ,523
524,จี๊ดส์ seafood (จี๊ดส์ ซีฟู๊ด),524
525,ชิฟฟ่อนเค้ก วรรณวนัช,525
526,N&B Pancake (เอ็นแอนด์บี แพนเค้ก),526
527,Mikucha (มิกุชา),527
528,ก๋วยจั๊บน้ำข้นพรานนก,528
529,บะหมี่โหน่ง ชะชะช่า,529
530,Tea&Time,530
531,ฉ่อยเป็ดย่าง,531
532,ตี๋เย็นตาโฟรสเด็ด ,532
533,วีณาไก่แซ่บ,533
534,Captain Squid,534
535,บะหมี่คนแซ่ลี,535
536,Eat Am Are (อีท แอม อา),536
537,เจ๊นิวตำซาดิสต์,537
538,ซ้งเป็ดพะโล้,538
539,ข้าวผัดปูเมืองทอง 1,539
540,ข้าวขาหมูชาญเทคนิค,540
541,นายฟู่ข้าวผัดปูเป็นปู,541
542,พระราม 9 ไก่ย่าง,542
543,Bunbun (หมูทอดบันบัน),543
544,มาลองแด๊ก,544
545,ติดลม หมูทอดปลาร้า Delivery,545
546,GoAng Kaomunkai (โกอ่างข้าวมันไก่ประตูน้ำ),546
547,สม ยง ตำซั่ว,547
548,A Ramen (เอราเมง),548
549,Hungry Nerd (ฮังกรี้เนิร์ด),549
550,GAGA,550
551,เม้งโภชนา,551
552,ก๋วยจั๊บคุณน้อย,552
553,ตำสะท้านทรวง,553
554,Café DoiTung (คาเฟ่ดอยตุง),554
555,ลาบเป็ด ป.4,555
556,ก๋วยเตี๋ยวป.ประทีป,556
557,Ocharm (โอชาม),557
558,บะหมี่กุช่าย,558
559,พิซซ่าอาหม่วย,559
560,ลาบนัวอุดร,560
561,หมูพ่นไฟ,561
562,แซ่บวัน รัชดา,562
563,ครัวสยาม,563
564,ก๋วยเตี๋ยวเรือนายเกรียง,564
565,แหนมเนืองคุณอ้อ,565
566,ศิริวรรณ หอยทอด-ผัดไทย,566
567,Gorilla Grill,567
568,Fire Tiger by Seoulcial Club,568
569,ตำตลบ,569
570,Bankara Ramen (บังคาระ ราเมง),570
571,KyoChon (เคียวโชน),571
572,KOKOPAN,572
573,เฮียอ้วน ก๋วยเตี๋ยวไก่มะระ,573
574,นัมบังด้ง,574
575,Plara cafe (ปลาร้า คาเฟ่),575
576,คุณเชิญ,576
577,คั่ว เตี๋ยว,577
578,ติ๊กเย็นตาโฟ 2 สี,578
579,ChaEn Matcha (ชาเอ็น มัทฉะ),579
580,คลังCool (คลังคูล),580
581,หม่าล่าตระกูลเฉิน,581
582,ชมพู่เมี่ยงปลาเผา,582
583,ยอ การยำ,583
584,ราดหน้าเฮง,584
585,กะเพรา company,585
586,Big Bear Steak (สเต็กหมีใหญ่ใจดี),586
587,ก๋วยเตี๋ยวโกเด้ง,587
588,คั่วกลิ้งผักสด,588
589,Donaki (โดนากิ),589
590,TRIN Coffee (ตฤณ คอฟฟี่),590
591,NOBRAND,591
592,ดีเด้อ,592
593,drop by dough,593
594,Akiyoshi (อะคิโยชิ),594
595,Tenya (เทนยะ),595
596, ATM Tea Bar,596
597,บิ๊กบะหมี่ & สเต๊ก,597
598,แสงทอง,598
599,Kyodai,599
600,ตะลิงปลิง,600
601,Tumlai (ตำหลาย),601
602,กุ้งแซ่บแซลมอนซี๊ด,602
603,Friday Tea Stand,603
604,สุดคั่ว by สุพรรณิการ์,604
605,Pizzabb,605
606,กะเพราคุณพ่อ,606
607,ก๋วยเตี๋ยวตรอกโรงหมู,607
608,PACAMARA (พาคามาร่า),608
609,More Than Milk,609
610,โจ๊กคุณแบงค์,610
611,E.Bomb Sandwich,611
612,Jaewhon (แจ่วฮ้อน),612
613,Pung to noodle (ก๋วยเตี๋ยวเรือพุงโต),613
614,takken,614
615,ที-โบนสเต็กเฮ้าส์,615
616,ชุ่งกี่บะหมี่ปู ,616
617,ต๊ะ ราชาบะหมี่เกี๊ยว,617
618,Herma Milktea (เฮอมา มิลค์ที),618
619,Star Coffee,619
620,กาแฟพันไร่,620
621,อากิ ชาบู,621
622,Punggang shabu (พุงกาง ชาบู),622
623,ยำมะหมิว,623
624,Oppa Daek,624
625,ปูกะเอ,625
626,ปังเว้ยเฮ้ย,626
627,โบว์เบเกอรี่เฮ้าส์ ,627
628,Sotasa Salmon Delivery,628
629,Shabu Chain (ชาบู เชน),629
630,เจ๊เกียงหมูทอด - ข้าวเหนียวนุ่ม,630
631,ชาละมุน,631
632,ชาละวันเย็นตาโฟ,632
633,นายป้อมซุปเปอร์เล้ง,633
634,ก๋วยเตี๋ยวเรือแม่อิ่ม,634
635,Casa Lapin (คาซ่า ลาแปง),635
636,maderla (มาเด้อหล่า by ภูไทไก่ย่าง1971),636
637,King Kong (คิงคอง บุฟเฟ่ต์),637
638,Baboo bear milk tea (บาบู แบร์),638
639,Grand de Café (แกรนด์ เดอ คาเฟ่),639
640,Red Diamond Cafe,640
641,NIKUYA (นิคุยะ),641
642,นายลภราดหน้ายอดผัก,642
643,ML5,643
644,เล้งลูกชิ้นปลา,644
645,ข้าวต้มสมพงษ์,645
646,ซูชิติดปาก,646
647,Bearhouse,647
648,สามเสนวิลล่า,648
649,รสดีเด็ด,649
650,Chabuton Ramen (ชาบูตง ราเมน),650
651,Arelomdee Cafe' (อาลมดี คาเฟ่),651
652,Samurai Salmon Delivery (ซามูไร แซลมอน เดลิเวอรี่),652
653,Brown Café (บราว คาเฟ่),653
654,บ้านขาหมูโอชา,654
655,GattoCha (กัทโตะชา),655
656,ปาท่องโก๋เสวย (ปาท่องโก๋คาเฟ่),656
657,Nice Two Meat U (ไนซ์ ทู มีท ยู),657
658,Mo-Mo-Paradise (โม โม พาราไดซ์),658
659,Café Cozy,659
660,บัวลอยกัลยา,660
661,Baanyuan (บ้านญวน by นายเอก),661
662,ครัวเปรี้ยวปาก,662
663,Huasenghong Dimsum (ฮั่วเซ่งฮงติ่มซำ),663
664,สุกี้ตี๋น้อย,664
665,Castella Taiwan (คาสเทลล่า ไต้หวัน),665
666,ไอติมมีบุญ,666
667,ก๋วยเตี๋ยวเนื้อ หน้ากรมศุลฯ,667
668,กขค Fine Tea & Drinks,668
669,Madame marco (มาดาม มาร์โก้),669
670,บ้านกลางซอย ,670
671,Snow cha (สโนว์ ชา),671
672,Rolling Stone Pizza,672
673,JQPUUMANUNG (เจคิว ปูม้านึ่ง Delivery),673
674,Guang Tai Suki (กวงไต๋สุกี้),674
675,สวัสดี,675
676,Egg Hunt ฮ่องกงวาฟเฟิล,676
677,Kingkong Sweets (คิงคอง สวีทส์),677
678,ร้าน นนทรี เรสเตอรองต์,678
679,Chef Man Restaurant (ภัตตาคารอาหารจีนเชฟแมน),679
680,Toru Sushi,680
681,กาแฟดอยหล่อ,681
682,คุณหลวง-เฝอเส้นสด-ก๋วยเตี๋ยวต้มยำหมูเด้งมะนาวสด,682
683,บ้านหญิง,683
684,Maisen (ไมเซน),684
685,ยุ้งข้าวหอม,685
686,วาวาชา,686
687,DON (ด้ง),687
688,Song Fa Thailand,688
689,Class Cafe',689
690,ศรีฟ้าเบเกอรี่,690
691,kanom,691
692,ฮ่องเต้เป็ดย่างไฮโซ,692
693,ไก่กรอบป้าแก้ว,693
694,เนียร หมูกระทะอุดร สาขา 9,694
695,Leanlicious,695
696,ยูซุปโภชนา (ราชาข้าวหมก),696
697,เนื้อแท้,697
698,อร่อยตาโต หมูทอดหม้อ,698
699,ยำแซ่บพ่นไฟ,699
700,Varvana a Cafe&Bar,700
701,GOF BERRY,701
702,LIMITED Menu ไส้กรอกโฮมเมด คีโต 100%,702
703,เบ็นซ์ซ่า หมึกแช่บ,703
704,Yoshi (โยชิ),704
705,เป็ดย่างเจ้าสัว,705
706,Pearl 4 THB,706
707,The South (เดอะเซาท์),707
708,Super Tyme (ซุปเปอร์ ไทม์),708
709,moo ping nai keng (หมูปิ้งในเข่ง),709
710,Little C By Cakewalk (ลิตเติ้ล ซี บาย เค้ก วอล์ค),710
711,Kikisaru (กิกิซารุ),711
712,ยำยั่ว,712
713,ข้าวต้มปลา เก๋ากะพง,713
714,ตะหลิว,714
715,Poonlert (พูนเลิศ),715
716,Crazycroissant,716
717,ย่างให้,717
718,Farm's Bkk,718
719,ตำแหล,719
720,คุณป้าชาบู,720
721,ซามูไรปูไข่ดอง,721
722,Uni in the box,722
723,ก๋วยเตี๋ยวฉั่ง,723
724,ก๋วยเตี๋ยวเรือต่อชาม ,724
725,Ize’Kimo Snow Ize,725
726,Nantaka’s Grill House,726
727,Lookchin Jung (ลูกชิ้นจัง),727
728, ZEN BOX,728
729,Ramen Habu,729
730,Good Eats Kitchen,730
731,Acai Story,731
732,ลิตเติ้ลดั๊ก,732
733,หมูทอดเจ๊จง,733
734,ราชาบะหมี่หมูแดง,734
735,ปูมันแซ่บ,735
736,ตำตำ แซ่บคาเฟ่,736
737,BRIX Dessert Bar (บริกซ์ เดสเสิร์ท),737
738,Uncle Tigger's,738
739,Craft Tea & Co.,739
740,Monsters Crepe,740
741,Salada Organic Kitchen,741
742,Neo Suki (นีโอสุกี้),742
743,TORA SUSHI (โทระ ซูชิ),743
744,DAK GALBI (ทัคคาลบี้),744
745,Galbi X,745
746,ไล-บรา-รี่,746
747,shoowedoowa,747
748,Jaroenpoong (เจริญพุง),748
749,Coffee Corner (คอฟฟี่คอนเนอร์),749
750,HOBS (ฮอบส์),750
751,DGB,751
752,Yentafo Kruengsonge by A. Mallika (เย็นตาโฟเครื่องทรง โดย อ.มัลลิการ์),752
753,ชาบู สตรีท,753
754,CoCo Fresh Tea & Juice,754
755,ขนมบ้านอัยการ,755
756,TOKKi IZAKAYA,756
757,ก๋วยเตี๋ยวเรือนัว,757
758,TORA Yakiniku x Cafe,758
759,Pie Face (พาย เฟส),759
760,Gii-Gii Gyoza (กี-กี เกี๊ยวซ่า),760
761,มาตุ้ม มาโฮม,761
762,ข้าวหน้าเนื้อจอมพลัง,762
763,Yuu Resturant (ยูเรสเตอร์รองส์),763
764,Slimfit Delivery,764
765,รื่นรสภัตตาคาร,765
766,ทวีชัย โภชนา Thavichai Phochana,766
767,Somersault Coffee Roasters,767
768,บ้านกลางน้ำ,768
769,Pancake Cafe (แพนเค้ก คาเฟ่),769
770,ลิ้มบะหมี่เกี๊ยวกุ้ง,770
771,Amor (อะมอร์),771
772,All cafe',772
773,ครัวมัณฑนา,773
774,ตัวแม่ปูดอง,774
775,Shuu Shabu,775
776,Gyu Gyu Tei (กิวกิวเต้),776
777,Delicake -Snack Box & Bakery (Delicake - Snack Box & Bakery),777
778,มานี มี หม้อ,778
779,ช้างเย็นตาโฟ,779
780,Sushi TakeHome,780
781,FarmhouseThai (ฟาร์มเฮ้าส์),781
782,Evaime Shabu Shabu (Evaime shabu shabu),782
783, LEE KITCHEN  (ลี คิทเช่น),783
784,Zheng Dou ( เจิ้งโต่ว),784
785,หัวปลาช่องนนทรี,785
786,THE BLOCK,786
787,Banana Leaf (บานานา ลีฟ),787
788,ก๋วยเตี๋ยวเรือกลางกรุง,788
789,Yenly Yours (เยลลี่ ยัวร์),789
790,เอี่ยวไถ่ สุกี้โบราณ,790
791,Rachakormooyang (ราชาคอหมูย่าง),791
792,ไอติมละมุน,792
793,หว่องหมี่น,793
794,เรือทองคำ,794
795,Spaghetti Factory (สปาเก็ตตี้ แฟคทอรี่),795
796,แก้วแกงใต้,796
797,คิมุคัทสึ,797
798,Owlvee Soft (อาวล์วี่ซอฟท์),798
799,ซาลาเปาซั่งไห่,799
800,หมูยอชนะเลิศ ป.อุบล,800
801,James Cheese,801
802,Cupcake Love (คัพเค้ก เลิฟ),802
803,Karayama,803
804,โรงเบียร์เยอรมันตะวันแดง,804
805,ส้มตำพาเพลิน,805
806,กุยช่ายทอด มิสหมวย,806
807,เรือนหยก,807
808,Loving hut (เลิฟวิ่ง ฮัท),808
809,ZaabEli Everyday (แซ่บอีลี่ เอเวอรี่เดย์),809
810,Jade Garden,810
811,Thasiam (ก๋วยเตี๋ยวเรือท่าสยาม),811
812,กับข้าวกับปลา,812
813,Ramruay Pochana (ร่ำรวยโภชนา),813
814,Ya Kun Kaya Toast,814
815,SoyaSoyum,815
816,Dolce Gelatino,816
817,Kleens Shop,817
818,PonMaree Bakery (พรมารีย์ เบเกอรี่),818
819,SUSHI SEKI (ซูชิเซกิ),819
820,Kubkao BaanMoo (กับข้าวบ้านหมู),820
821,Tops Kitchen (ท็อปส์ คิทเช่น),821
822,Zana's bean Coffee,822
823,เท้งไฮ้ ลูกชิ้นปลา,823
824,Diamond Grains,824
825,อาอู๊กี่ บะหมี่เกี๊ยว,825
826,Ichicha Tea Tea (ไอชิชา ชานมไข่มุก),826
827,ก๋วยเตี๋ยวเรือรสหนึ่ง,827
828,CP Brand (ซีพี แบรนด์),828
829,แสนยอด,829
830,Sea U Delivery,830
831,Yamagoya Ramen (ยามาโกย่า ราเมน),831
832,Sichuan Restaurant,832
833,Kobe Steakhouse (โกเบ สเต๊กเฮาส์),833
834,butcher beef & beer,834
835,หมูทอด 3 กษัตริย์,835
836,Getfresh,836
837,ZURU Contemporary Japanese Flavors (ซูรุ คอนเทมโพรารี่ เจแปนนีส ฟลาเวอร์),837
838,ลิ้มเล่าซา,838
839,คุ้มสึ,839
840,ก๊อก ก๊อก ชาบู,840
841,Brassica Doughnuts,841
842, BAAN HOUND (บ้านฮาวด์),842
843,Kagonoya (คาโกะโนยะ),843
844,Lavita (ลาวิต้า),844
845,ลูกชิ้นปลา ลูกชิ้นแคะ ร้านคุณฮุย,845
846,ปูไข่ดอง ปูนัว,846
847,kowlune,847
848,จ่าอูหมูเกาหลี,848
849,SALMON FARM (แซลมอน ฟาร์ม),849
850,Mr. เฝอหม้อไฟ,850
851,ปูดองอันยอง,851
852,เฮียเล้งลูกชิ้นปลา,852
853,มิสหมวยเบเกอรี่,853
854,Wel-B Market,854
855,ราดหน้ายอดผักนายเหลา ,855
856,Daisho Sushi (ไดโช ซูชิ),856
857,เป็ดพะโล้แต้จิ๋ว ,857
858,Gyu-Ya Yakiniku,858
859,Popco (ป๊อปโค),859
860,Itt Pung Bakery (อิฐฎ์ปัง เบเกอรี่),860
861,ก๋วยเตี๋ยวเป็ดสะพานเหลือง,861
862,Bangkok Bold Kitchen (ห้องครัวบางกอกโบลด์),862
863,ปัณณรัตน์ก๋วยเตี๋ยวลูกชิ้นปลา (เยาวราช),863
864,โก๋ ช็อป,864
865,ซูชิเดะ,865
866,ไก่ย่างห้าดาว ไก่ย่างไก่ทอด,866
867,บะหมี่เกี๊ยวกวางตุ้ง,867
868,King Salmon (คิงแซลมอน),868
869,Wine I Love You (ไวน์ ไอ เลิฟ ยู),869
870,Taco Bell,870
871,ย่างเนย,871
872,Mister Lobster,872
873,ชะนีมีหอย,873
874,Kacha Kacha,874
875,บ้านขนิษฐา,875
876,Checkmate Bar & Bistro (เช็คเมท บาร์ แอนด์ บิสโทร),876
877,Ah Yat Abalone (อายัท อบาโลน),877
878,Riverside Terrace (ริเวอร์ไซด์ เทอเรซ),878
879,ขาหมูกระทะทอง,879
880,Roasted Chicken Chom Thong (คั่วไก่จอมทอง),880
881,OOrange ,881
882,Fareground,882
883, Hot chick bun,883
884,Grain,884
885,ก๋วยเตี๋ยวเนื้อนายหงอก,885
886,โรตีนานแซนด์วิชบังดุลย์กรุงเก่า,886
887,ข้าวต้มปลากิมโป้,887
888,หวานละมุน,888
889,Indian Food,889
890,ก๋วยเตี๋ยวเรือนายลือ,890
891,Sushi OO (ซูชิ โอ),891
892,The Gravy by มาดามแมว,892
893,ChamaChama (ชามะ ชามะ ),893
894,หมูสะเต๊ะน้องแบม,894
895,มังกี้ ชานมไข่มุกไต้หวัน,895
896,ข้าวหน้าเป็ดแปะบี,896
897,มะม่วงกะปิน้ำปลาหวานเครื่องแน่นครัวแรดมาก,897
898,Hotto Bun (ฮอตโตะ บัน),898
899,TokTok ไก่ทอดเกาหลี,899
900, fantou (ฟ่านโถว),900
901,Arhantamsang Sanaroi Somtum Yumrosded (อาหารตามสั่ง แสนอร่อย ส้มตำ ยำรสเด็ด),901
902,Cheonman,902
903,Supaporn Mango Sticky Rice (ข้าวเหนียวมะม่วงสุภาพร),903
904,ยิ้มสยาม สะเต๊ะถอดไม้,904
905,บะหมี่ตงเล้ง,905
906,Mr.Salmon (มิสเตอร์แซลมอน),906
907,เด็กเส้น,907
908,Kokekokko,908
909,ปูไข่ดอง Express,909
910,Lee heng (หลีเฮง),910
911,หนองคายป้าสุ,911
912,THE HUMBLE CRUMB,912
913,น้ำเต้าหู้สูตรคุณพ่อ,913
914,Meemee Shabu (มีมี่ ชาบู),914
915,ANDALUS SHOP (อันดาลุส),915
916,ราชาซาลาเปา,916
917,Pukik (ปูกิ๊ก),917
918,ตุ้ยหมูกะทะ หมูจุ่ม,918
919,Viet Cuisine (เวียตคูซีน),919
920,ซ้งโภชนา,920
921,Sweety Secret (สวีทตี้ ซีเคร็ท),921
922,OCO ,922
923,Blue Chéri,923
924,ขนมจีนเจ๊เฉย,924
925,Dumnoodle (บะหมี่นายดำ),925
926,ขนมจีบต้มเฮียเสก,926
927,Uma Japanese Restaurant (อาหารญี่ปุ่นอุมะ),927
928,เพลินวาน พาณิชย์,928
929,Sekai No Yamachan (เซไค โนะ ยามะจัง),929
930,Kari Kare,930
931,Guayjengchewygrassjelly (ก๊วยเจ๋ง เฉาก๊วยแท้เนื้อหนึบ),931
932,JinLong House,932
933,Nestle icecream,933
934,WIRE COFFEE BANGKOK,934
935,ซิมเปิ้ล หมูปิ้ง,935
936,Stupid Fries,936
937,Longleng noodle (ล้งเล้งลูกชิ้นปลารสเยี่ยม),937
938,Jamie’s burger (เจมส์มี่ เบอร์เกอร์),938
939,Xoho Chinese Cafe,939
940,CHA BAR BKK,940
941,Lee Cafe (ลี คาเฟ่),941
942,Sloth Sukiyaki ,942
943,เจริญแกง,943
944,Sunrise Tacos ,944
945,PAPA SHABU FARM (ปาป้า ชาบู ฟาร์ม),945
946,JPY ปูไข่ดอง  (ครัวเจ้าพระยา JPY ปูไข่ดอง ),946
947,J.Tonphon (ต้นผล),947
948,Teddy zero,948
949,Ringer Hut Nagasaki Champon  (ริงเกอร์ฮัท จัมปง),949
950,Jamaican Eatz,950
951,Bun Me (บันมี),951
952,Oyster Bay,952
953,Shinsei Sushi,953
954,A Ki Cha  อาคิชะ ชานมไข่มุกแสนอร่อย,954
955,กินกัน ซูชิ,955
956,ICE-SU (ไอซ์สึ),956
957,Boom's bakes,957
958,Sa la la (ซาลาล่า),958
959,Heads Or Tails (เฮดส์ออร์เทลส์),959
960,เคี้ยงเยาวราช,960
961,สกาย ลักค์,961
962,Pork Station,962
963,COOPeR Steakhouse,963
964,ลูกชิ้นอนามัยบางจาก,964
965,31 Burger (31 เบอร์เกอร์),965
966,Hai Shabu (ไฮ ชาบู),966
967,เจ๊จุ๊บ ข้าวต้มปลา เลิศรส,967
968,Senju (เซ็นจู),968
969,mustmeat,969
970,ทิม โฮ วาน,970
971,Makai Acai & Superfood Bar,971
972,ก๋วยเตี๋ยวเรือ เจ้าสัว อ่อนนุช,972
973,Scoozi Pizza (สกูซี่พิซซ่า),973
974,Sousaku,974
975,Chateraise (ชาโตเรเซ่),975
976,Nagiya (นากิยะ),976
977,Toby's,977
978,บะหมี่เกี๊ยวแชมป์โลก,978
979,ครัวอัปสร (เอกมัย),979
980,ง้วนหลังวัง,980
981,ก๋วยเตี๋ยวไก่ข้ามฟาก,981
982,แชมป์ บ๊ะจ่าง,982
983,Yuujou Ramen (ยูโจ ราเมน),983
984,ก๋วยเตี๋ยวลูกชื้นปลานายเตี้ย,984
985,Nescafe Hub ,985
986,Soontra Fruit and Herbal Drinks (สุนทรา ฟรุ๊ต แอนด์ เฮอร์เบิล ดริ้งค์),986
987,ไทยรุ่งเรือง เย็นตาโฟ เจริญผล,987
988, Tops &Ten pizza,988
989,Cinnabon (ซินนาบอน),989
990,มารุกาเมะ เซเมง,990
991,บ้านส้มตำ,991
992,สุกี้ดารา,992
993,Hinaya (ฮินายะ),993
994,Wishbeer Home Bar (วิชเบียร์ โฮม บาร์),994
995,Kuroda (คุโรดะ),995
996,Coffee Beans by Dao (คอฟฟี่บีนส์ บายดาว),996
997,ข้าวเกรียบปากหม้อปารีส,997
998,บ้านไอซ์,998
999,หยวนหมี่ปังเปา,999
1000,Kekebab (เคเคบับ),1000
1001,แหนมเนืองลับแล,1001
1002,เตี๋ยวเรือเสาวรีย์,1002
1003,กิตติก๋วยเตี๋ยวเป็ด,1003
1004,ติ่น ไท่ ฟง,1004
1005,Vanilla Prince Cafe  (วนิลลา ปริ๊นซ์ คาเฟ่),1005
1006,Guss Damn Good,1006
1007,Washoku AJI (วาโชคุ อะจิ),1007
1008,8 Hachi tea (ฮาชิ ที ),1008
1009,Broccoli Revolution (บรอกโคลีเรฟโวลูชั่น),1009
1010, Mrs.Balbir’,1010
1011,น้ำเต้าหู้เตาถ่าน,1011
1012,Sushi Cyu & Carnival Yakiniku,1012
1013,Saw Sam Sai (ซอสามสาย),1013
1014,Tsubohachi (สึโบฮาจิ),1014
1015,Teppen (เทปเปน),1015
1016,Izakaya Teppen BBQ&SUSHI,1016
1017,FuFu Taiwanese Shabu (ฟู่ฟู่ ไต้หวัน ชาบู),1017
1018, กระเพราะปลา-ก๋วยจั๊บ,1018
1019, บะหมี่เป็ดย่าง คลองตัน,1019
1020,Naeki sushi,1020
1021,Fluff’s egg cake,1021
1022,Sendai Ramen Mokkori (เซนได ราเมน มอคโคริ),1022
1023,Yuzuki Izakaya & Sushi bar (ยูซึกิ),1023
1024,The Cassette Music Bar,1024
1025,ใบเมี่ยง,1025
1026,Bellinee's Bake & Brew (เบลลินี่ เบค แอนด์ บรู ),1026
1027,ใสสะอาด ก๋วยเตี๋ยวลูกชิ้นนำ้ใส,1027
1028,Co-co-kup Cafe',1028
1029,Dakasi Lite (ดาคาซี่ไลต์),1029
1030,Kenta Shabu,1030
1031,9 Salads (นายน์สลัด),1031
1032,Chester’s Coffee (เชสเตอร์ คอฟฟี่),1032
1033,THREE TEA,1033
1034,ก๋วยเตี๋ยวเรือพระนคร,1034
1035,Meng นัวนัว (เหม็ง นัวนัว),1035
1036,มีจะกิน,1036
1037,ก๋วยเตี๋ยวเรือเศรษฐี,1037
1038,Moomorthep (หมูหม้อเทพ),1038
1039,ชายทัย,1039
1040,Tickledpink,1040
1041,MONCGCHA,1041
1042,Doi Chaang Cafe (กาแฟดอยช้าง),1042
1043,หมูสะเต๊ะวัดเกาะ เยาวราช,1043
1044,Bluecup Coffee (บลูคัพ),1044
1045,Simply W (ซิมพลี ดับเบิ้ลยู),1045
1046,China Town (ไชน่าทาวน์),1046
1047,Asian Corner (เอเชี่ยน คอร์เนอร์),1047
1048,Kin Japanese Restaurant & Ramen (คิน เจแปนนิส เรสเทอรองค์ แอนด์ ราเมง),1048
1049,ฮะเซ้ง ราชาเป็ดย่าง,1049
1050,ต.รุ่งโรจน์ ลูกชิ้นปลา,1050
1051,บ้านขนมอร่อย,1051
1052,เค้กบ้านสวน,1052
1053,Cha Tanyong (ชาตันหยง),1053
1054,The Candy Shop ,1054
1055,Coffeelismstand (คอฟฟี่ลิสสซึ่มสแตนด์),1055
1056,Honaji Ramen (ฮองอะจิราเมน),1056
1057,Pizza Pocket Italian Food Delivery,1057
1058,โคขุนคุณทอง,1058
1059,Kotara Gyudon,1059
1060,สมศักดิ์ปูอบ,1060
1061,SAMPEENONG KOREA BBQ (หมูย่างเกาหลีสามพี่น้อง),1061
1062,แปะเตียงลูกชิ้นปลา,1062
1063,ข้าวมันไก่นายลิ่มซัง,1063
1064,Hump เนื้อมันแซ่บ,1064
1065,Old Street Bak Kut Teh,1065
1066,Kyoto Inari (เกียวโต อินาริ),1066
1067,Mom & Sis The Smoothie Cafe',1067
1068,ใจสั่งยำ,1068
1069,Sarapad (สารผัด),1069
1070,อัญชัน,1070
1071,Duo Cucina,1071
1072,ปูไข่ดอง by ปองไคดู Delivery,1072
1073,บะหมี่ปูสะพานพุทธ,1073
1074,เนื้อคู่,1074
1075,ปูดองซีอิ๊วเจ๊บี,1075
1076,ก๋วยเตี๋ยวลูกชิ้นปลาลือชา,1076
1077,แฮปปี้เฉาก๊วย,1077
1078,นมนัว ,1078
1079,ธ.ก๋วยจั๊บญวน,1079
1080,ข้าวกับเส้น,1080
1081,ข้าวหมกไก่สยาม พ.ศ.๒๕๓๘ ,1081
1082,บะหมี่เกี๊ยวตรอกโรงหมู ตรอกโรงหมู,1082
1083,Royal India (โรยัล อินเดีย),1083
1084,Ba Hao Tian Mi (ปา เฮ่า เถียน มี่),1084
1085,Guljak Topokki Chicken,1085
1086,หมูทอดอิ่มกับหมู,1086
1087,Eat Pot (เกาเหลาหม้อไฟ เนื้อตุ๋น หมูตุ๋น),1087
1088,Cafe Chilli,1088
1089,Make Me Mango (เมค มี แมงโก้),1089
1090,Lhong Tou Cafe (หลงโถวคาเฟ่),1090
1091,Omakase Don by Teppen,1091
1092,The Mandarin Oriental Shop ,1092
1093,เสือใต้,1093
1094, Azabu Sabo ,1094
1095,ANG BAO (อั่งเปา),1095
1096,Poon Lert Restaurant (ห้องอาหารพูนเลิศ),1096
1097,เป็ดตุ๋นเจ้าท่า,1097
1098,ก๋วยเตี๋ยวคั่วไก่แอน ,1098
1099,ข้าวหมูแดงนายฮุย,1099
1100,เตี๋ยวเกี๊ยวยักษ์ (สูตรเด็ดแม่),1100
1101,ก๋วยเตี๋ยวแคะ,1101
1102,Texas Suki (เท็กซัสสุกี้),1102
1103,ท่งฮั่วเฮง,1103
1104,DONQ,1104
1105,ภัตตาคารเชียงการีล่า,1105
1106,PAUL (พอล),1106
1107,Gokoku (โกโคกุ),1107
1108,Farm to Table (ฟาร์ม ทู เทเบิ้ล),1108
1109,26Braisedbeef,1109
1110,BangBao (ปังเปา),1110
1111,Yifang Fruit Tea,1111
1112,ก๋วยเตี๋ยวเป็ดนายเมา (Nai-Mao Stewed Duck Noodle),1112
1113,Kanemochi (คาเนะโมจิ),1113
1114,CPS Coffee,1114
1115,Masala Art (มาซาล่า อาร์ท),1115
1116,Noi Kwa Roi Bar & Restaurant (น้อยกว่าร้อย),1116
1117,ไบท์,1117
1118,โตเกียวคุณหญิง,1118
1119,milch (มิลช์),1119
1120,Good day Good time,1120
1121,ไทยรุ่งเรือง เย็นตาโฟ,1121
1122,Bualoy Klomkleaw (บัวลอยกลมเกลียว),1122
1123,Sharetea,1123
1124,jaebouy sapanhan 2499 (เจ๊บ๊วย สะพานหัน 2499),1124
1125,จิตรลูกชิ้นปลา เยาวราช,1125
1126,ก๋วยเตี๋ยวรู,1126
1127,ราดหน้าชิ้งกี่,1127
1128,จังกิ้มฮั่วเตียง,1128
1129,ก๋วยเตี๋ยวคั่วไก่นายฮ้ง,1129
1130,ข้าวหมูแดงสีมรกต,1130
1131,ก๋วยเตี๋ยวหลอด เจ๊จู,1131
1132,Bake Brother (เบคบราเทอร์),1132
1133,รสนิยม,1133
1134,เวิ้ง ตำนานความอร่อยกว่า 40 ปี,1134
1135,ยู้ ลูกชิ้นปลาเยาวราช,1135
1136,เอี่ยมโภชนา,1136
1137,โอเดียนบะหมี่เกี๊ยว,1137
1138,อร่อยโอชารส,1138
1139,Organika,1139
1140,Elefin coffee (เอเลฟิน คอฟฟี่),1140
1141,Ryoshi Sushi,1141
1142,ห้องทานข้าวสุพรรณิการ์,1142
1143,ลูกไก่ทอง,1143
1144,ทิพย์สมัย ผัดไทยประตูผี,1144
1145,Tonkatsu Wako (วาโก ทงคัทสึ),1145
1146,Mango Tree (แมงโก้ ทรี),1146
1147,หมูตั่วเฮีย (หมูตั่วเฮีย อร่อยเฮียเฮีย),1147
1148,เชฟซ้ง,1148
1149,ศรีขมิ้น Original Southern Cuisine,1149
1150,TOKYO Sweets (โตเกียว สวีท),1150
1151,สมบูรณ์โภชนา,1151
1152,ปังเด็ด,1152
1153,Brave Roasters (เบรฟ โรสเตอร์),1153
1154,เหลือใจ,1154
1155,ราชาขนมโตเกียวเพชร(เจ้าเก่า)  ,1155
1156,Wrap God,1156
1157,RootsBKK (รูทส์),1157
1158,Grand Palace (แกรนด์ พาเลซ),1158
1159,โรตีมะตะบะ,1159
1160,ก๋วยเตี๋ยวคั่วไก่ สวนมะลิ (เจ๊เค็ง เจ๊งิ้ม),1160
1161,อย่าลืมฉัน,1161
1162,Creamery Boutique Ice Creams (ครีมเมอรี่ บูติก ไอศกรีม),1162
1163,Wonderfood,1163
1164,Grabme,1164
1165,100 Mahaseth,1165
1166,เย็นตาโฟยกล้อ,1166
1167,zeroco coffee,1167
1168,ไอศครีมบางกอก,1168
1169,Siam Steak (สยาม สะเต๊ค),1169
1170,Cali-Mex Bar&Grill,1170
1171,Veganerie Concept (วีแกนเนอรี คอนเซ็ปต์),1171
1172,มาดามแม่ by วู้ดดี้,1172
1173,JLD Dragon,1173
1174,PABLO Cheese Tart (พาโบล),1174
1175,ส้มตำนัว,1175
1176,Peace Oriental Teahouse (พีซ โอเรียนทอล ทีเฮ้าส์),1176
1177,ไทยไทย,1177
1178,TP TEA by chun shui tang,1178
1179,สุข สาทร Sook Sathorn,1179
1180,ดู๋ดี๋สยาม,1180
1181,Seiryu Sushi (เซริว ซูชิ),1181
1182,SO asean cafe,1182
1183,Kaizen Sushi & Hibachi (ไคเซน ซูชิ แอนด์ ฮาบาชิ),1183
1184,Audrey Cafe & Bistro (ออเดรย์ คาเฟ่ แอนด์ บิสโตร),1184
1185,Gold Curry (โกลด์เคอร์รี่),1185
1186,Chuan Kitchen (ชวนคิทเช่น),1186
1187,Coca Suki (โคคาสุกี้),1187
1188,ลิ้มเหล่าโหงว บิสโทร,1188
1189,Mozza by Cocotte,1189
1190,The Coffee Academics Thailand,1190
1191,farmfactory,1191
1192,beard papa's,1192
1193,Din's (ดินส์),1193
1194,Hunter Poke (ฮันเตอร์ โป๊ะเกะ),1194
1195,Vistakitchen (วิสต้าคิทเช่น),1195
1196,Harrods Cafe (แฮร์รอดส์คาเฟ่),1196
1197,แซ่บหลงสวน,1197
1198,KLOM Dessert house (บัวลอยกลม),1198
1199,Honmono Sushi (ฮอนโมโน ซูชิ),1199
1200,Hokkaido Butadon Tokachi (ฮอกไกโด บุตะดง โทคาจิ),1200
1201,Cheevit Cheeva (ชีวิต ชีวา),1201
1202,CHUB N’ CHEW,1202
1203,Le Boeuf The Steak & Fries Bistro (เลอเบิฟ เดอะ สเต็ก แอนด์ ฟราย บิสโทร),1203
1204,Freddie RiceCurry,1204
1205,Mango star,1205
1206,คำพูน,1206
1207,Bun Meat and Cheese,1207
1208,FUMi JAPANESE CUISINE (ฟูมิ),1208
1209,Another Hound Café (อนาเธอร์ฮาวด์ คาเฟ่),1209
1210,AOI (อาโออิ),1210
1211,Tokyo Land (โตเกียวแลนด์),1211
1212,OYOKI (โอโยกิ),1212
1213,Wok Station,1213
1214,ก๋วยเตี๋ยวมู๋มู๋,1214
1215,เพรา,1215
1216,Penguin Eat Shabu (เพนกวินกินชาบู),1216
1217, Have a ซี๊ดดด,1217
1218,Yum & Tum (ยำ แอนด์ ตำ),1218
1219,cup by Ah Nam,1219
1220,SSamthing Togerther ,1220
1221,Irvins salted egg,1221
1222,TSUJIRI (ซึจิริ),1222
1223,Roast (โรสท์),1223
1224,Nabezo (นาเบโซะ),1224
1225,Sizzler To Go (ซิสเล่อร์ ทู โก),1225
1226,Ampersand Boutique (แอมเพอร์แซนด์ บูทีค),1226
1227,Kinlenn Eatery & Play,1227
1228,Man Fu Yuan Kitchen,1228
1229,Hou Yuu,1229
1230,Hinoya curry,1230
1231,ผัดไทย by Eureka (ผัดไทย บาย ยูเรก้า),1231
1232,Koomi  (คูมิ),1232
1233,ข้าวแกงเฮียเพ้ง ,1233
1234,Kay's Boutique Breakfast (เคย์ บูติค),1234
1235,ถูกเส้นเล่นท่า ก๋วยเตี๋ยวเรือสูตรท่าน้ำอยุธยา,1235
1236,PAAK,1236
1237,Hip Bowl  (ฮิป โบลว์),1237
1238,Hom Duan (หอม ด่วน),1238
1239,Salt // Pepper (ซอลท์เปปเปอร์),1239
1240,Charna (ฌานา),1240
1241,De Tummour by HF (เดอ ตำ มั่ว),1241
1242,The Raw Bar,1242
1243,Chilli Thai Restaurant,1243
1244,the DOCK (เดอะดอค),1244
1245,Bomber Dog ,1245
1246,โจ๊กพุทธมณฑล,1246
1247,ไก่ต้มน้ำปลาฐิติพร,1247
1248,ขนมครกใบเตย ,1248
1249,บ้านนารา ขนมเบื้องไทย,1249
1250,Paris Mikki (ปารีสมิกิ),1250
1251,Pinkberry (พิ้งก์เบอรี่),1251
1252,420 Cannabis Bar,1252
1253,Eureka Coffee tap,1253
1254,Alto Coffee Roasters (อัลโต้ คอฟฟี่ โรสเตอร์ส),1254
1255,Moomin Pop,1255
1256,Red Hat Thailand,1256
1257,โคตรยำ,1257
1258,Thai Suki & Shabu No.1 (ไทยสุกี้ แอนด์ ชาบู NO. 1 ),1258
1259,Crepes & Co (เครปส์ แอนด์ โค),1259
1260,"It's ""happened to be"" a Fox Princess and a Spider",1260
1261,Fantuan Thailand,1261
1262,เจ๊แดง,1262
1263,Aoringo Japanese Curry Place (อาโอรินโกะ),1263
1264,AL SARAY (อัลซาราย),1264
1265,R&B KARAOKE,1265
1266,Mongkok Sukiyaki,1266
1267,Pizza Massilia,1267
1268,The Lobster Lab,1268
1269,De Bear Express By Shabu De Bear,1269
1270,ไก่ทอดเจ๊กี,1270
1271,หยู่อี่เจ,1271
1272,Epia (อีเปีย),1272
1273,ต้นกก,1273
1274,ThongSmith (ทองสมิทธ์),1274
1275,ตั้งซุ่ยเฮงโภชนา,1275
1276,kanomsiam (ขนมสยาม),1276
1277,Garrett Popcorn (การ์เร็ต ป๊อปคอร์น),1277
1278,ไฮเช็งลูกชิ้นปลา จุฬาฯ9,1278
1279,โรงสีโภชนา,1279
1280,Ben's Cookies Thailand,1280
1281, Easy! Buddy (อีซี่! บั๊ดดี้),1281
1282,นายเม้งบะหมี่ปู เกี๊ยวกุ้งยักษ์,1282
1283,บ๊วยโภชนา,1283
1284,Shabeebee House (ฌาบีบี เฮ้าส์),1284
1285,Mika Pâtisserie,1285
1286,HOKKEE KITCHEN (ฮกกี่ คิทเช่น),1286
1287,Ramen Tei (ราเมนเทอิ),1287
1288,LarnaHouse (ลาร์นา เฮ้าส์),1288
1289,Jip Jip สังขยา&นมสด,1289
1290,Soho Pizza,1290
1291,Charm Eatery and Bar,1291
1292,สุกี้ยากี้เมาเวอริค,1292
1293,Osaka Ohsho (โอซากา โอโช),1293
1294,เพ้งโภชนา ก๋วยเตี๋ยวคั่วไก่,1294
1295,Gindaco (กินดาโกะ),1295
1296,Guichai Maeaoy (กุยช่ายแม่อ้อย),1296
1297,ทองย้อยคาเฟ่,1297
1298,เลิศทิพย์  ( ปูทะเลไข่ดอง ) เชลชวนชิม (เลิศทิพย์  บาย เชฟ กิ๊ก),1298
1299,Somtum Der (ส้มตำเด้อ),1299
1300,Say Chiizu Toast,1300
1301,LUKA (ลูก้า),1301
1302,Omu Japanese omurice & cafe (โอมุ),1302
1303,ก๋วยเตี๋ยวกั้งบ้านเพ,1303
1304,Buddhi Belly (บุดดี้ เบลลี่),1304
1305,Mango Tango (แมงโก้แทงโก้),1305
1306,ขนมปังเจ้าอร่อยเด็ด เยาวราช,1306
1307,Fowlmouth,1307
1308,Cafe de Tu (คาเฟ่ เดอ ตู),1308
1309,พานพบ คาเฟ่,1309
1310,Sato no Udon (ซาโตะ โนะ อุด้ง),1310
1311,ก๋วยจั๊บดำเนิน,1311
1312,Hello Yogurt (ฮัลโหล โยเกิร์ต),1312
1313,Bunditkim Kho mun gai (บัณฑิตคิมข้าวมันไก่),1313
1314,Teaspinn (ทีสปินส์),1314
1315,KOF (คอฟ),1315
1316,The Ninth Cafe (เดอะ ไนนท์ คาเฟ่),1316
1317,GAJA & GaBeans,1317
1318,Teru Sushi Bistro (เทรุ ซูชิ บิสโทร),1318
1319,Seven Sins,1319
1320,Billion Beef (บิลเลี่ยน บีฟ),1320
1321,นิปปอนไกด์มาร์เก็ต,1321
1322,You Hunt We Cook,1322
1323,ข้าว,1323
1324,อุ๊ตะ หมูย่าง,1324
1325,Pezzo Pizza,1325
1326,Aokkainoom (อกไก่นุ่ม ชุ่มความรัก...สุขภาพ),1326
1327,Chakuma (ชาคุมะ),1327
1328,Khew Whan,1328
1329,Lemonney น้ำผึ้งมะนาวสด,1329
1330,วัยรุ่นพารวย,1330
1331,ส้มตำฟิวชั่น ปะป้าลุง ,1331
1332,Mu Mu Cha,1332
1333,กาแฟเขาทะลุชุมพร,1333
1334,Up to you dessert cafe (อัพ ทู ยู  ดี เสิร์ท คาเฟ่),1334
1335,ZO Coffee,1335
1336,Early Bird Cafe,1336
1337,BearleeBee (แบร์ลีบี),1337
1338,F.A.C.T,1338
1339,บางหวาน - Bangwan Sweet Station,1339
1340,Hok lee (ฮกหลี นู้ดเดิ้ล),1340
1341,Jok Pinto by Knorr,1341
1342,Bae Milk Tea,1342
1343,Crumbs,1343
1344,ยี่เจ ก๋วยเตี๋ยวเนื้อตุ่น-หมูตุ๋น,1344
1345,Puff & Pie Franchise (พัฟฟ์แอนด์พาย),1345
1346,ลูกชิ้นปลานายใบ้,1346
1347,นู้ดเดิ้ล การ์เด้น,1347
1348,ตี๋ เตี๋ยว ตึ้บ,1348
1349,ก๋วยเตี๋ยวเป็ดรสเด็ด ,1349
1350,The Waffle (เดอะวอฟเฟิล),1350
1351,มนต์ นมสด,1351
1352,ก๋วยเตี๋ยวเรือแม่จันทร์ ,1352
1353,ปู๊ตี่บะมี่เกี๊ยว (ปู๊ตี่บะหมี่เกี๊ยว),1353
1354,แดงแหนมเนือง,1354
1355,กล้วยทอด Peely,1355
1356,คอฟแมน,1356
1357,โป่วเทียมเฮง,1357
1358,Staff Coffee,1358
1359,เตี๋ยวเรือต่อชาม,1359
1360,ก๋วยเตี๋ยวต้มยำตึกเพชร,1360
1361,ตำหนักก๋วยเตี๋ยวเรือ ,1361
1362,บุเรงนองบะหมี่เกี๊ยวกุ้ง ,1362
1363,Gelate (เจลาเต้),1363
1364,UNNA CAKE (อันนา เค้ก),1364
1365,Tealicious,1365
1366,เย็นตาโฟหลังการบินไทย,1366
1367,NIJO SUSHI Delivery,1367
1368,Heekcaa,1368
1369,Kuppadeli (คัปป้าเดลิ),1369
1370,FoodLoft (ฟู้ดลอฟท์),1370
1371,The Blooming Gallery,1371
1372,Emack and Bolio's (อีแม็ก แอนด์ โบลิโอส์),1372
1373,Food Republic (ฟู้ด รีพับลิค),1373
1374,Castella Factory (คาสเทลล่า แฟคตอรี่),1374
1375,1c Space Cafe,1375
1376,The Hass bistro ,1376
1377,Sirin Farm Kitchen (สิรินทร์ฟาร์ม คิทเช่น),1377
1378,QQ Dessert (คิวคิว ดิเสิร์ท),1378
1379,Croquantchou Zakuzaku Thailand (โครคอนท์ชู ซากุซากุ),1379
1380,หมูทอดไข่ตูม,1380
1381,To Fast To Sleep (ทูฟาสต์ทูสลีป),1381
1382,ส้มตำคอนแวนต์,1382
1383,กัลปพฤกษ์,1383
1384,POFF Pancake,1384
1385,Milkcow,1385
1386,Eureka Nitro Coffee,1386
1387,Ajisen Ramen (อาจิเซนราเมน),1387
1388,Mad About Juice (แมดอะเบาท์จู๊ซส์),1388
1389,Cafe Kaldi (คาเฟ่คาลดี้),1389
1390,Mrs. Balbir's Indian Cuisine (มิสซิสบาลเบียร์ส อินเดียน คูซีน),1390
1391,Cheesecake House & Restaurant (ชีสเค้ก เฮ้าส์ แอนด์ เรสเตอรองค์),1391
1392,More Than a Game cafe,1392
1393,Katsu King (คัตสึ คิง),1393
1394,CODE Cafe of Dessert Enthusiasts,1394
1395,Harajuku Cafe Crepes (ฮาราจุกุ คาเฟ่ เครป),1395
1396,Xpress Teppanyaki (เอ็กซ์เพรส เทปปันยากิ),1396
1397,หอยทอดชาวเล,1397
1398,Saravana Bhavan (ซาราวาน่า บาวาน),1398
1399,Little home (ลิตเติลโฮม),1399
1400,หมูกรอบนายไซ,1400
1401,Hokkaido Softkream (ฮอกไกโด ซอฟท์ครีม),1401
1402,Peking (ปักกิ่ง),1402
1403,The Girl & The Pig,1403
1404,Haru Kappo,1404
1405,ขมิ้น Camin Cuisine & Cafe,1405
1406,Divana Signature Cafe,1406
1407,เบิร์นบุษบา,1407
1408,El HEFE BKK,1408
1409,Pot Ministry (พอท มินิสทรี),1409
1410,Beirut Restaurant (เบรุต),1410
1411,TWG Tea,1411
1412,Hyde & Seek (ไฮด์แอนด์ซีค),1412
1413,Phed Phed,1413
1414,Katsushin (คัทสึชิน),1414
1415,ครัวดอกไม้ขาว,1415
1416,Craft Beer Bar,1416
1417,Bawarchi (บาวารชิ),1417
1418,Hokkai-Don,1418
1419,Kenshin Izakaya,1419
1420,Jim Thompson Restaurant and Bar (จิม ทอมป์สัน เรสเตอรองท์ แอนด์ บาร์),1420
1421,บ้านเบญจรงค์ปาย,1421
1422,Sushi Mori (ซูชิ โมริ),1422
1423,Pomodoro (โพโมโดโร),1423
1424,Hanakaruta 花かるた (ฮานาคารูตะ),1424
1425,ก๋งป๊อกหมูปิ้งโบราณ,1425
1426,The’ Cha (เธฉะ),1426
1427,เอลวิส สุกี้คั่วไก่,1427
1428,ลูกชิ้นปลาแม้นศรี ,1428
1429,ไอติมผัด,1429
1430,SushiTakeHome (ซูชิเทคโฮม),1430
1431,Deliya by Farmhouse (เดลิยา บาย ฟาร์มเฮ้าส์),1431
1432,ปั้นเส้นน้ำใส,1432
1433,ก๋วยเตี๋ยวคั่วไก่สวนมะลิ,1433
1434,เนื้อตุ๋นนางเลิ้ง,1434
1435,ญวนญี ,1435
1436,Kor Ra Kang (คอระฆัง),1436
1437,Sushi Masa (ซูชิ มาสะ),1437
1438,Jaywalk Cafe (เจย์วอร์คคาเฟ่),1438
1439,Noodle Pinklao (บะหมี่ปิ่นเกล้า),1439
1440,Radna Yodphak 40 years (ราดหน้ายอดผัก สูตร 40 ปี),1440
1441,ข้าวขาหมูตรอกซุงบางรัก เจ้าเก่า,1441
1442,Say Hi  (เซย์ ไฮ),1442
1443,Shabuku (ชาบูกู),1443
1444,Guayjab Savoey (ก๋วยจั๊บญวน เสวย),1444
1445,ก๋วยเตี๋ยวปลาด๊อกเตอร์,1445
1446,Ramen Boy (ราเมงบอย),1446
1447,Orangery Cafe,1447
1448,ปูไข่ดองแซ่บ,1448
1449,นิวย่งฮั่วโภชนา,1449
1450,ขนมเบื้องแม่ประภา,1450
1451,เพิ่มพูนโภชนา,1451
1452,คุณแดงก๋วยจั๊บญวน,1452
1453,จิระเย็นตาโฟ,1453
1454,สายไหมบะหมี่เกี๊ยวกุ้ง,1454
1455,เตี๋ยวต้มยำไข่หวาน,1455
1456,ดีโอโกะ ซูชิ,1456
1457,เหล่าเฮงลูกชิ้นปลา,1457
1458,Mizzdonut (มิสโดนัท),1458
1459, Mr.uni by supreme seafood,1459
1460,Easy Ribs & Wings (อีซี่ ริบส์ แอนด์ วิงส์),1460
1461,สุภัทราริเวอร์เฮ้าส์,1461
1462,ก๋วยเตี๋ยวลูกชิ้นปลานายเงี๊ยบ,1462
1463,ทับทิมกรอบสยาม บางลำพู,1463
1464,คุงโภชนา ,1464
1465,Tora Cha,1465
1466,โซซ่าเฟรนฟรายราดชีสและของทอด,1466
1467,แซ่บสะเด็ด,1467
1468,Krua Khun Ein (ครัวคุณอิ้น),1468
1469,เยาวราชเต้าทึง (@เยาวราช),1469
1470,เนื้อตุ๋นเจริญพาณิช,1470
1471,แสนอร่อยโภชนา,1471
1472,Jeerapan Restaurant (ไก่ย่างจีระพันธ์),1472
1473,ไก่ทอดหาดใหญ่ zaza chicken,1473
1474,อ้วนนะ หมูกรอบชาชู,1474
1475,Fil Fil,1475
1476,ตำแหลก,1476
1477,สะเลเต,1477
1478,เตี๋ยวหมูตู้,1478
1479,ก๋วยเตี๋ยวเรือแม่สีนวล,1479
1480,Burger Bro (เบอร์เกอร์โบร),1480
1481,ทิพวรรณ,1481
1482,พร้อม Beef & Beer,1482
1483,Backyard Gyoza,1483
1484,ก๋วยเตี๋ยวลูกชิ้นปลาศรีพินธ์,1484
1485,กาลนาน,1485
1486,Porkwangjao (ป.กวางเจา),1486
1487,วนิดาก๋วยเตี๋ยวเป็ดบิน,1487
1488,NUU TEA,1488
1489,Cantina Wine Bar & Italian Kitchen,1489
1490,Wagyuism,1490
1491,Nipcafe,1491
1492,Ginza Sushi,1492
1493,สวนกุหลาบ,1493
1494,ก๋วยเตี๋ยวเนื้อวัวรสเยี่ยม,1494
1495,ก๋วยเตี๋ยวไก่ราชวัตร,1495
1496,กาแฟเจ้าถิ่น,1496
1497,Kumo cafe,1497
1498,ขนมครกเข้าวัง,1498
1499,Rabbii Tea,1499
1500,พี่น้องต้นถั่ว ,1500
1501,การิม โรตี มะตะบะ,1501
1502,ลูกชิ้นปลานายฉุ่ย,1502
1503,Hana Bubble Tea,1503
1504,Crown Bubble (คราวน์ บับเบิ้ล),1504
1505,Wawee Coffee (กาแฟวาวี),1505
1506,Cp Kitchen,1506
1507,หมู5ดาว,1507
1508,หลายรส,1508
1509,HEAP Cafe & Restaurant,1509
1510,Beibei Teahouse,1510
1511,Mama Pasta,1511
1512,KINNIKU GYUDON,1512
1513,Tokyo Truck (โตเกียวทรัค),1513
1514,BoBo Cup (โบโบ้ คัพ),1514
1515,Common Room,1515
1516,Osaka Buffet (โอซาก้า บุฟเฟ่ต์),1516
1517,ก๋วยเตี๋ยวเรือป้าสมจิตร,1517
1518,หมูทอดนัวนัว,1518
1519,ก๋วยเตี๋ยวเรือศรีอยุธยา,1519
1520,ก๋วยเตี๋ยวเรือน้าชู,1520
1521,Basilico (บาซิลิโก),1521
1522,T- House (ที เฮาส์),1522
1523,เปรี้ยวปากอยากโดน​   เล้งแซ่บ-เป็ดย่าง,1523
1524,บัวลอยพี่เง็ก (เจ้าเก่า),1524
1525,Half Happiness,1525
1526,Shichi Japanese Restaurant (ชิชิ เจแปนนิส เรสเตอรองต์),1526
1527,เนื้อตุ๋นจักรเพ็ชร,1527
1528,Gai Hound Organic Chicken Rice,1528
1529,Shin Kai Premium Sushi,1529
1530,เนื้อตุ๋นนายหนวด,1530
1531,Daily Dose,1531
1532,ก๋วยเตี๋ยวลูกชิ้นโกฮับเมืองทองตราเรือ3รำ,1532
1533,อู้วหู้วววปูดอง,1533
1534,คุณเอ,1534
1535,Victory Bakery (วิคตอรี่เบเกอรี่),1535
1536,บะหมี่จอมพลัง,1536
1537,Zap4 Shabu Delivery,1537
1538,นายแกละ ก๋วยเตี๋ยวหมูใบตำลึง,1538
1539,The Brownies Since 2010,1539
1540,Bangkok-Esan Steak House (บางกอก-อีสาน สเต๊กเฮ้าส์),1540
1541,ครัวชมทะเล,1541
1542,Sukishi Tokyo Buffet (ซูกิชิ โตเกียวบุฟเฟ่ต์),1542
1543,Ramen Ajisai (ราเมง อาจิไซ),1543
1544,Wake Up (เวค อัพ),1544
1545,Lamon Kanomkrok (ขนมครกสิงคโปร์อินดี้),1545
1546,CP Freshmart (ซีพี เฟรชมาร์ท),1546
1547,Gelatoni by Black Canyon,1547
1548,ยำยกซด,1548
1549,Farm Design (ฟาร์ม ดีไซน์),1549
1550,KUMA KAMU (คุมะ คะมุ),1550
1551,Soup sukkha pharp (ซุปสุขภาพ),1551
1552,The chef แซล​ม่อน​,1552
1553,มังกรซีฟู้ด,1553
1554,เล้งซุปเปอร์แซ่บ,1554
1555,อภิชาติซีฟู้ด,1555
1556,เต็มคำซูชิ,1556
1557,Coffee Today (คอฟฟี่ทูเดย์),1557
1558,The Deli House,1558
1559,Zapjung (แซ่บจุง),1559
1560,โกบู้รสซิ่ง,1560
1561,Pormoosatay (ป.หมูสะเต๊ะ),1561
1562,Quick Katsu (ควิก คัทสึ),1562
1563,ก๋วยเตี๋ยวตำลึงนายฮิม ,1563
1564,ราดหน้ายอดผักบ้านบดินทร์,1564
1565,นายเคี้ยม เกี๊ยวปลา,1565
1566,Shabu Namor (ชาบูหน้าหม้อ),1566
1567,อ้วนข้าวมันไก่,1567
1568,สดอร่อย,1568
1569,kokonutthailand ,1569
1570,Winner Shabu (วินเนอร์ ชาบู),1570
1571,Brainwake Café (เบรนด์เวค คาเฟ่),1571
1572,Pho Van (เฝอ เวิน ),1572
1573,Good healthy,1573
1574,Teatime (ทีทาม),1574
1575,Your coffee Dessert cafe,1575
1576,ปูดองน้ำเชี่ยว,1576
1577,เย็นตาโฟแหลมฟ้าผ่า,1577
1578,Lord Of Coffee (ลอร์ด ออฟ คอฟฟี่),1578
1579,AkeSteak (เอกสเต็ก),1579
1580,Sweetheart Steakhouse (สวีตฮาร์ท สเต็กเฮาส์),1580
1581,แซ่บเวอร์,1581
1582,อร่อยติ่มซำ,1582
1583,Zen Café (เซน คาเฟ่),1583
1584,Ruan Mae Louise (เรือนแม่หลุย),1584
1585,บ้านก๋วยเตี๋ยว,1585
1586,PHO'ty nine (เฝอตี้นาย),1586
1587,The Chocolate Factory (เดอะ ช็อกโกแลต แฟคทอรี่),1587
1588,EST.33 By SINGHA (เอส 33 บายสิงห์),1588
1589,กาแฟสด กินเส้น,1589
1590,Sambaipao (สามใบเถา),1590
1591,ไก่ทอดแอ๊ดเทวดา,1591
1592,Craftsman Roastery,1592
1593,บะหมี่ล้มยักษ์,1593
1594,Taisho Gyoza (ไทโช เกี๊ยวซ่า),1594
1595,ก๋วยเตี๋ยวเนื้อเจ๊ง้อ,1595
1596,เย็นตาโฟ ฮ่องเต้,1596
1597,ร้านฟ้าปลาทาน - Fá Plā Tahń,1597
1598,ศุภชัย ซาลาเปา,1598
1599,Say Cheese Milk Cafe,1599
1600,สุกี้เฮ้าส์,1600
1601,Pizza pazza,1601
1602,Steve Cafe & Cuisine (สตีฟ คาเฟ่ แอนด์ ครุยซีน),1602
1603,TO PET YANG (โตเป็ดย่าง),1603
1604,Taka Sashimi,1604
1605,ไสกี่โภชนา,1605
1606,นายงี้บะหมี่ตู้ไม้,1606
1607,ลูกชิ้นหมูโสภณ,1607
1608,ก๋วยเตี๋ยวรสเด็ด,1608
1609,นิวลูกชิ้นปลานายใบ้,1609
1610,Bar Storia del Caffè,1610
1611,Lay lao,1611
1612,Seiniku-Ten (เซนิกุเทน),1612
1613,Orca Baker & Butcher,1613
1614,ครัวประดิพัทธ์,1614
1615,memorizebrownie,1615
1616,กู๊ดแหนมเนือง,1616
1617,กวางปูไข่ดอง,1617
1618,Foontalop Thaiesan (ฝุ่นตลบ),1618
1619,ขาหมูจตุจักร,1619
1620,ก๋วยเตี๋ยวหมูต้มยำนัว,1620
1621,ก๋วยจั๊บเยาวราช,1621
1622,Puff Stick Khun Toy (พัฟสติ๊ก คุณต๋อย),1622
1623,ลูกชิ้นปลานายโจว,1623
1624,ก๋วยจั๊บจรัสพัฒน์,1624
1625,Pompano Roasted Cafe ,1625
1626,Flow Restaurant & Bar (โฟลว์),1626
1627, Coffee Road,1627
1628,In The Middle By Kaizen,1628
1629,ชิมไทย,1629
1630,SEEK CAFE,1630
1631,ก๋วยเตี๋ยวเรืออยุธยา อ.เสนา,1631
1632,กอเต็กเชียง,1632
1633,puenoir,1633
1634,Oranjii - Japanese yakiniku & shabu,1634
1635,หมึก รัยวะ!,1635
1636,ข้าวหมูแดง​หมู​กรอบ​เจ๊​ณี​,1636
1637,ข้าน้อยขอชาบู,1637
1638,Loft To Bar (ลอฟ ทู บาร์),1638
1639,Monster Tea (มอนสเตอร์ที),1639
1640,Fujiyama Go Go Tsukemen Ramen (ฟูจิยาม่า โกโก),1640
1641,เย็นตาโฟโต้คลื่น,1641
1642,เกาลัดหว่านไจ๋,1642
1643,Okami Sushi (โอกามิ ซูชิ),1643
1644,บ้านก๋วยเตี๋ยวแม่บังอร,1644
1645,มนัสนันท์ ก๋วยเตี๋ยวลูกชิ้นปลา เย็นตาโฟ,1645
1646,ร้านประจำ Delivery (ร้านประจำ เดลิเวอรี่),1646
1647,Sushi Tama (ซูชิ ทามะ),1647
1648,Cafe Banmee (คาเฟ่ บ้านหมี),1648
1649,Neta Grill (เนตะกริว),1649
1650,เย็นตาโฟอึ้งย้ง,1650
1651,Aroonsawad (อรุณสวัสดิ์),1651
1652,Nai Hua Plus Roti Chachuk (นายหัวพลัส โรตี-ชาชัก),1652
1653,Sencha,1653
1654,Khao Soi P Yiam (ข้าวซอยพี่เยี่ยม),1654
1655,เตี๋ยวกะตำ,1655
1656,ธัญรส ก๋วยเตี๋ยวเนื้อตุ๋น-หมูตุ๋น,1656
1657,หลังรามฯเมี่ยงปลาเผา,1657
1658,Homefresh hydrofarm,1658
1659,ฟู่ หมูฮ้อง,1659
1660,Freeztory Dessert,1660
1661,Wanjai baibuabok,1661
1662,Gingoonggun (กินกุ้งกัน),1662
1663,Wall's pop up store,1663
1664,Salapao Tublee (โกหน่อย ซาลาเปาทับหลี & ติ่มซำ),1664
1665,โคขุนบังเสือโพนยางคำ,1665
1666,พิซซ่าน่าเธอ,1666
1667,Maria Pizzeria & Restaurant (มาเรีย พิซเซเรีย แอนด์ เรสเตอรองต์),1667
1668,เป็ดพะโล้โกเหลียง,1668
1669,MALA Chinese BBQ (หม่าล่า),1669
1670,Niku King Yakiniku Buffet,1670
1671,Oranginal,1671
1672,Masaru Shabu & Sushi Buffet,1672
1673,Drinky Winky,1673
1674,ก๋วยเตี๋ยวเรืออนุสาวรีย์ชัย,1674
1675,เครปจีเอเต้,1675
1676,April’s Bakery (เอพริล เบเกอรี่),1676
1677,Golden ปลาหมึกทอดไต้หวัน,1677
1678,อ้วนผอมเมี่ยงปลาเผา,1678
1679,Mr.Grill Yakiniku (มิสเตอร์กริลล์ ยากินิกุ),1679
1680,Cup of J cafe,1680
1681,JP เกี๊ยวซ่า ,1681
1682,Omaki  (โอมากิ),1682
1683,ก๋วยเตี๋ยวสุโขทัยหน้าวัดหัวลำโพง ,1683
1684,ลุงโฮ,1684
1685,Samsen Villa Life (สามเสนวิลล่า ไลฟ์),1685
1686, อีแรด ตำแซ่บ,1686
1687,ตำบักฮุ้ง,1687
1688,Maejajabyuan,1688
1689,Goonraka (กุนระกา),1689
1690,Nsoya,1690
1691,ก๋วยเตี๋ยวดงมูลเหล็ก,1691
1692,NDO Sushi (เอ็นโดะ ซูชิ),1692
1693,สามวันสองคืน,1693
1694,หมูทอดเตะปาก,1694
1695,ยำปูแสบ,1695
1696,ก๋วยเตี๋ยวเรือป้าทองคำ,1696
1697,อินโดจีน,1697
1698,Kopitiam (โกปี่เตี่ยม),1698
1699,จานเดียว,1699
1700,ปูดอง444 ,1700
1701,Coffee Rio (คอฟฟี่ ริโอ),1701
1702,ก๋วยเตี๋ยวเคาะระฆัง,1702
1703,Bloc26th takoyaki ,1703
1704,ครกไม้ไทยลาว,1704
1705,เบียร์หิมะ,1705
1706,ธานี ข้าวหมูแดง-หมูกรอบ ,1706
1707,เฝอ'54,1707
1708,หม่าล่า พีอาร์,1708
1709,เย็นตาโฟป้าเสนา,1709
1710,bongo congo (บองโก้คองโก้),1710
1711,เย็นตาโฟอมรพันธ์,1711
1712,ก๋วยเตี๋ยวไข่ย้อนยุค,1712
1713,สุดแซบเมืองยศ,1713
1714,Pathé (ปาเต๊ะ),1714
1715,เป็ดพะโล้กิมเฮง,1715
1716,ผัดไทยเสวย,1716
1717,Silver Spoon,1717
1718,หอยทอดโบราณแม่อำพัน,1718
1719,Smoked,1719
1720,พีพีแพนเค้ก,1720
1721,EAT 'EM UP CAFE,1721
1722,WARIO (วาริโอ),1722
1723,Tanwa The Food Project,1723
1724,ญีญวนครัวเวียดนาม,1724
1725,Best Country Beef,1725
1726,Sushi Shin,1726
1727,GYUMA BOXZ ,1727
1728,เต๋อตำระเบิด,1728
1729,ไก่ตะกร้า,1729
1730,Kayha (คะหยา),1730
1731,เฮีย​ตี๋​ลูกชิ้น​ปิ้ง​นึ่ง​,1731
1732,ลูกชิ้นหมูฮีโร่,1732
1733,สุนีย์ปลาคัง,1733
1734,ก๋วยเตี๋ยวลูกชิ้นปลานายใบ้,1734
1735,S'mococo (สโมโคโค่),1735
1736,ซามูไรเมืองทอง,1736
1737,Jorpoookunmae (จ๊อปูคุณแม่),1737
1738,Doorae (ดูเร),1738
1739,เหรียญทองชามเปล,1739
1740,ก๋วยเตี๋ยวเรือตาหนวด,1740
1741,Gyunobi (กิวโนบิ),1741
1742,ข้าวต้มโบราณแม่สุรีย์,1742
1743,เย็นตาโฟกุ้งทอดเมืองทอง,1743
1744,thebbqsignature (บาร์บีคิว ซิกเนเจอร์ซี่โครงถาด ซอสบาร์บีคิว),1744
1745,MomLamYong (แม่ลำยองเมี่ยงปลาเผา&ซีฟู้ด),1745
1746,มานา ก๋วยเหตี๋ยวหลอดทรงเครื่อง,1746
1747,ชื่น..ก๋วยเตี๋ยวเรืออยุธยา,1747
1748,ปูไข่ดองบางตะบูนเบย์,1748
1749,ส้มตำเจ๊ไก่อุดร,1749
1750,Kenya Coffee (กาแฟสดเคนย่า),1750
1751,Gownan (โกวนัน),1751
1752,ปลาอร่อย,1752
1753,ศิริชัยไก่ย่าง,1753
1754,Sushi House (ซูซิ เฮาส์),1754
1755,Hom Krun Coffee (หอมกรุ่นคอฟฟี่),1755
1756,Kimju (คิมจู),1756
1757,ก๋วยเตี๋ยวเรือยกซด,1757
1758,TEA INN,1758
1759,GELATO 44 C (เจลาโต้ 44 องศา),1759
1760,โมโนโมโน,1760
1761,โกบอย ก๋วยเตี๋ยวเรือ,1761
1762,ยายก้า ก๋วยเตี๋ยวหมูหน่อไม้ฝรั่ง,1762
1763,Mikazuki ครัวซองต์,1763
1764,คำพูนสะออน,1764
1765,Cholada Coffee (ช่อลดา คอฟฟี่),1765
1766,Cha bear,1766
1767,รสเด็ดลูกชิ้นนึ่งสมุนไพร,1767
1768,ก๋วยจั๊บญวนป.อุบล  2,1768
1769,ใบไม้ร่าเริง,1769
1770,กระเพราถาด 39 บาทฟรีไข่ดาว,1770
1771,ชาบูหมูแกว่ง,1771
1772,ก๋วยเตี๋ยวไก่ฉีกคุณประนอม,1772
1773,ก๋วยเตี๋ยวยักษ์ใหญ่,1773
1774,สุทิศสา ขนมหวาน,1774
1775,ตำกระเทย,1775
1776,สี่พี่น้อง888,1776
1777,ก๋วยเตี๋ยวลูกชิ้นหมู ฮีโร่,1777
1778,เป็ดย่างรสเด็ด,1778
1779,ขนมจีนต้นก้ามปู,1779
1780,Kourthai (ครัวไท),1780
1781,หมูจุ่มชีส,1781
1782,Pop pop กะเพราจับกัง,1782
1783,น้าแอ็ด 100 เมนู,1783
1784,Tapestry Restaurant,1784
1785,ตั้งใจตำ,1785
1786,ริว บะหมี่เกี๊ยวกุ้งโคราช,1786
1787,Piyaratna,1787
1788,ต.ตระกูล ลูกชิ้นปลา,1788
1789,ยำรสไฟ 10 รุม 1,1789
1790,ขนมบ้านคุณย่า,1790
1791,Air Bright เนื้อต้มบ้านสิงห์,1791
1792,T-Rex Steak House (ทีเร็กซ์ สเต็กเฮ้าส์),1792
1793,ซุปเปอร์เล้ง ซุปเปอร์หมิงหมิงโคราช,1793
1794,เรื่องของสเต๊ก,1794
1795,Yimwaan House Cafe Korat (ยิ้มหวาน),1795
1796,ขาหมูหินดาด,1796
1797,VanillaDessertCafe,1797
1798,Polar Polar Cafe,1798
1799,Crepes A Day,1799
1800,Somtum Phanlan Restaurant (ส้มตำพันล้าน),1800
1801,ลุงปั่นปลาเผา,1801
1802,Shabu Number One (ชาบู นัมเบอร์วัน),1802
1803,Sweet Garden (สวีทการ์เด้น),1803
1804,Aroy Hor Kho Nami (อร่อยเหาะเกาะนามิ),1804
1805,ฮอยอัน แหนมเนือง,1805
1806, The Cocoa Bar ,1806
1807,Food Salad Made,1807
1808,เน้นเนื้อ,1808
1809,บ้านขนมคุณภัทรา,1809
1810,ก๋วยเตี๋ยวเรือโบราณ จัดจ้าน แซ่บซี๊ด,1810
1811,ลูกชิ้นชุมพล,1811
1812,ขนมปังโอชิน เชียงใหม่,1812
1813,Krutid Coffee House (กาแฟครูติ๊ด),1813
1814,Café Racotta,1814
1815,ก๋วยเตี๋ยวเรือโกฮับ,1815
1816,ขนมจีบเจ้หมวย,1816
1817,ชิวเล้า บุฟเฟ่ต์ สุกี้-ชาบู,1817
1818,ตะวันแดง มหาซน,1818
1819,อ.กุ้งเผา,1819
1820,Sri Brown Cafe (ศรี บราวน์ คาเฟ่),1820
1821,SAYA cafe & restaurant,1821
1822,โจ๊ก ก๋วยจั๊บ ต้มเส้น บัตรคิว,1822
1823,Coffee Der La (คอฟฟี่ เด้อ หล่า),1823
1824,Nomicha,1824
1825,อัมพรแหนมเนือง,1825
1826,Kinn's The Buta,1826
1827,อุ้ยขนมเปี๊ยะ ขอนแก่น,1827
1828, Takeshi Sushi,1828
1829,TumLiaMue,1829
1830,บึงบอนเบเกอรี,1830
1831,H2 Healthy & Happy,1831
1832,ไก่ย่างระเบียบเขาสวนกวาง,1832
1833,สีนานวล คาเฟ่,1833
1834,Moooo milk bar (มูมิลค์บาร์),1834
1835,Calowries Hub (แคโลว์รีส์ ฮับ),1835
1836,Sealcoffeestand,1836
1837,Nigiwai Sushi (นิกิวาอิ ซูชิ),1837
1838,PadThaiGopNgern,1838
1839,Lumtae (ลำแต๊ไก่ทอด),1839
1840,Made For Mouth Cafe (เมด ฟอร์ เม้าส์ คาเฟ่),1840
1841,Mai Oak Coffee (กาแฟไม้โอ๊ค),1841
1842,ลาบซอดแจ้ง,1842
1843,Meekid Noodle (ก๋วยเตี๋ยวหมี่ขิด),1843
1844,Milky Good (มิลค์กี้ กู๊ด),1844
1845,ชาเย็นสยาม,1845
1846,Jood 3 Jood (จุด 3 จุด),1846
1847,Dose Espresso Thailand (โดสเอสเพรสโซ ไทยแลนด์),1847
1848,BEYOND CAFE (บียอน คาเฟ่),1848
1849,Fruiturday,1849
1850,มาดาม พาเท่ห์,1850
1851,My Vietnam (มายเวียดนาม),1851
1852,เลยดานัง,1852
1853,The Zixgar Club (เดอะ ซิกการ์ คลับ),1853
1854,Piccola Roma (พิโคล่าโรมา),1854
1855,TAEO RUAM MIT,1855
1856,จ่าอูหมูกระทะ,1856
1857,ส้มตำอุดร,1857
1858,กาแฟมณีพฤกษ์,1858
1859,Suki Changpheuak (สุกี้ช้างเผือก),1859
1860,หมูปิ้งคุณพ่อ,1860
1861,The Volcano (เดอะ โวลคาโน่),1861
1862,ตือคาโคช้างม่อย.猪脚圈,1862
1863,Guu Fusion Roti & Tea,1863
1864,ก๋วยเตี๋ยวหลุดโลก,1864
1865,The Duke’s (เดอะดุ๊คส),1865
1866,The Salad Concept (เดอะ สลัด คอนเซปท์),1866
1867,RAWtruckr,1867
1868,ข้าวมันไก่นันทาราม,1868
1869,แดง อาหารตามสั่ง,1869
1870,มินิลดา ปลาร้าหอม,1870
1871,ก๋วยเตี๋ยวเรือโกเหลียง,1871
1872,Me Cocount,1872
1873,SalmonRoom,1873
1874,Salad Terrace (สลัดเทอเรส),1874
1875,สเต็กคำโต,1875
1876,Jia Tong Heng Restaurant (ภัตตาคารเจี่ยท้งเฮง),1876
1877,ฟังกี้กริลล์,1877
1878,Sofuto Cream,1878
1879,Rock Me Burgers & Bar,1879
1880,แม่เพ็ญซีฟู๊ด,1880
1881,Ice Hub (ไอซ์ฮับ),1881
1882, Usagi Cha Bubble Tea,1882
1883,Flour flour,1883
1884,BAAN Landai (บ้านลันได ),1884
1885,นราชาชัก,1885
1886,Fernpresso cafe,1886
1887,VAVA Frozen Yogurt,1887
1888,Grill Jung (กิวจัง),1888
1889,ก๋วยเตี๋ยวคำหวาน,1889
1890,Nuanbakery (นวลเบเกอรี่),1890
1891,Cuisine De Garden,1891
1892,ผึ้งน้อยเบเกอรี่,1892
1893,ลูกชิ้นทองสุข,1893
1894,หมูกระทะช้างเผือก,1894
1895,ผัดผัด,1895
1896,ไอดิน กลิ่น ครก,1896
1897,ข้าวยำเสวย,1897
1898,White House (ไวท์เฮ้าส์),1898
1899,ขนมครกชาววัง,1899
1900,Ping Ping Seafood (ปิงปิงซีฟู๊ด),1900
1901,GRAPH,1901
1902,Janjao Soakhoa (จั่นเจาเซาเข่า),1902
1903,Akha Ama Coffee,1903
1904,Ristr8to (ริสเทรตโต้),1904
1905,Queensbaker,1905
1906,Gallery กาแฟดริป (แกลอรี่ กาแฟดริป),1906
1907,Tengoku De Cuisine (เทนโกกุ เดอ คูซีน),1907
1908,ดาราเทวี,1908
1909,ล้ำลำ,1909
1910,Charm Bakery,1910
1911,Seichi Yakiniku (เซจิ ยากินิคุ),1911
1912,PCI Foodland ,1912
1913,ตำลึงทอง,1913
1914,Torajiro (โทราจิโร่),1914
1915,บ้านต้นตำรับ,1915
1916,4Fingers Crispy Chicken,1916
1917, Cocomom by แม่ศรีเรือน (โคโค่ มัม บาย แม่ศรีเรือน),1917
1918,Arabitia Cafe (อาราบิเทีย คาเฟ่),1918
1919,คาเฟ่ ชากัญ,1919
1920,Shabu Smile (ชาบู สไมล์),1920
1921,Salang Tokpokki (ซารัง ต๊อกปกกี่),1921
1922,แบงค์พัน,1922
1923,ตำป่า ด.ช. นาย,1923
1924,อิ่มเอิบก๋วยจั๊บญวน ,1924
1925,เซี๊ยะก๋วยเตี๋ยวเป็ด,1925
1926,94 coffee (94 คอฟฟี่),1926
1927,Bobacha Bangkok,1927
1928,Blue Ocean Sushi (บลู โอเชี่ยน ซูชิ),1928
1929,Peppina (เปปพิน่า),1929
1930,Funky Fries,1930
1931,Kitchen Man Express (คิทเช่น แมน เอ็กซ์เพรส),1931
1932,Bahmhee Pa Ma (บะหมี่ป๊าม๊า),1932
1933,เปรี้ยวปาก,1933
1934,เจ๊ไน้เป็ดตุ๋น,1934
1935,Narai Pizzeria (นารายณ์พิซเซอเรีย),1935
1936,บัวลอยปากน้ำ2001,1936
1937,ยำยำ เลือกยำ by ปูดอง 24 ชั่วโมง,1937
1938,TIGA PIZZA,1938
1939,Jirafu Sushi & Beer Bar (จีราฟุ ซูชิ แอนด์ เบียร์บาร์),1939
1940,5 dao kho mun kai (ข้าวมันไก่ห้าดาว),1940
1941,เจ้าหลงลูกชิ้นปลา,1941
1942,ข้าวมันไก่นายเขียว,1942
1943,โอ้! เวจจี้สลัด,1943
1944, ผัดไทยตลาดพลู,1944
1945,Twentyfour Bubble Tea,1945
1946,HARU Bubble TEA (ฮารุ ชานมไข่มุก),1946
1947,ก๋วยเตี๋ยวเป็ดไร้เทียมทาน,1947
1948,Yakiniku Tan (ยากินิคุ ทัน),1948
1949,SD Bar B Q (เอสดี หมูกระทะ),1949
1950,Meet Fresh,1950
1951,House Of Crepe,1951
1952,MK LIVE (เอ็มเค ไลฟ์),1952
1953,Iwane Goes Nature (อิวาเนะ),1953
1954,Eric Kayser,1954
1955,Summer Bowl BKK,1955
1956,Jukkumi,1956
1957,Mama Do By เธอ (มาม่าดูบายเธอ),1957
1958,Susan Croissant,1958
1959,ก๋วยเตี๋ยวเรือนายเงี๊ยบ (บ้านสวน),1959
1960,Umi (อุมิ),1960
1961,Air Made Cake Mini,1961
1962,Healthy Planet Shop,1962
1963,Homie Made (โฮมมี่ เมด),1963
1964,Krua Go Seng (ครัวโกเซ่ง),1964
1965,เปลวนครปฐม ก๋วยเตี๋ยวต้มยำโบราณ,1965
1966,แซ่บซู้ด,1966
1967,ก๋วยเตี๋ยวเรือนแพ ,1967
1968,Yawaan (หญ้าหวาน),1968
1969,Four Seasons Chinese Restaurant (โฟร์ ซีซั่น),1969
1970,White Story (ไวท์ สตอรี่),1970
1971,Hiro Keki,1971
1972,ปังปังลาวา,1972
1973,Brew Bar,1973
1974,ปลาทูยายใจ,1974
1975,Sakura (ซากุระ),1975
1976,โจ๊กเปิดหม้อ,1976
1977,Croissant de mour,1977
1978,Cafe Interia inspired by Black Canyon (คาเฟ่ อินทีเรีย อินสปาย บาย แบล็คแคนยอน),1978
1979,Pocha (โภชา),1979
1980,Space Q,1980
1981,เฮือนกาฬสินธุ์,1981
1982,Zen Cha Tea,1982
1983,Chicka ,1983
1984,BubbleZ  (บับเบิ้ลซี),1984
1985,โจ๊กมัลลิกา,1985
1986,OCO,1986
1987,fantou (ฟ่านโถว),1987
1988,KUMA YAKINIKU (คุมะ ยากินิกุ),1988
1989,Pungun Food & Drink (ปันกัน Food & Drink),1989
1990,Gojira Yakiniku (โกจิระ ยากินิกุ),1990
1991,จัส จุ้ยส์ (Just juice),1991
1992,Have a ซี๊ดดด,1992
1993,ช.บะหมี่เกี๋ยว,1993
1994,PAPA'S Burger,1994
1995,ชวนกินหมูกระทะ,1995
1996,ตำ..ตำ อินเตอร์,1996
1997,ธานี ข้าวหมูแดง-หมูกรอบ,1997
1998,เครือทิพย์ ขนมไทย,1998
1999,Popcorn Major,1999
2000,Cocomom by แม่ศรีเรือน (โคโค่ มัม บาย แม่ศรีเรือน),2000
2001,Yellow Spoon Pastry,2001
2002,On Yasai (องยาไซ),2002
2003,Expresso By Gloria Jean's,2003
2004,Hong Kong Fisherman (ฮ่องกงฟิชเชอร์แมน),2004
2005,Jum Dad (จุ่มดาด โพนยางคำ),2005
2006,An Hour Coffee Bar,2006
2007,Sunny drink,2007
2008,Mama Café (มามา คาเฟ่),2008
2009,Poo Kai Nakorn (ปูไข่นคร),2009
2010,Mick ปูไข่เยิ้ม,2010
2011,ซาลาเปา ขนมจีบ แม่สุ,2011
2012,เนื้อตุ๋นบางกอก,2012
2013,Chicky Chic,2013
2014,ก๋วยเตี๋ยวเนื้อวัวนายเที๊ยบ,2014
2015,kokonutthailand,2015
2016,Drink C15,2016
2017,เย็นตาโฟฟ้าผ่า,2017
2018,หมูยอ ป.อุบล /ก๋วยจั๊บญวน by ป.อุบล,2018
2019,ก๋วยเตี๋ยวเรือแม่จันทร์,2019
2020,Ekiben Bento,2020
2021,สามหมู จิง จู ไฉ่,2021
2022,Daebak Jjimdak 대박찜닭 (แดบัก จิมดัก),2022
2023,ก๋วยเตี๋ยวเนื้อสวนผัก,2023
2024,Coffee Road,2024
2025,Kiew Kai Ka (เขียวไข่กา),2025
2026,Spa Foods (สปา ฟู้ดส์),2026
2027,EZ'S KITCHEN (อีซี่ส์ คิทเช่น),2027
2028,Cubes.bkk (คิวบ์บีเคเค),2028
2029,เตี๋ยวแม่กลองเล้งแซ่บ,2029
2030,Changwon Express (ชางวอน เอกซ์เพรส),2030
2031,Kaizen Coffee (ไคเซ็น คอฟฟี่),2031
2032,Chicka,2032
2033,ทะเลทอง,2033
2034,Little Hut - House of Waffle,2034
2035,The Sweetener (เดอะสวีทเทนเนอร์),2035
2036,101 & Co. Coffee Station,2036
2037,Patio (พาทิโอ),2037
2038,Umenohana (อุเมะโนะฮานะ),2038
2039,Azabu Sabo,2039
2040,WWAPORTAL,2040
2041,Tasty Congee & Noodle Wantun Shop,2041
2042,Pennii Premium Popcorn,2042
2043,mamemi,2043
2044,Bomber Dog,2044
2045,Le Boulanger (เลอ บูลองเช่),2045
2046,Schnitzel's,2046
2047,So Shiok,2047
2048,Es/pe/ro,2048
2049,Sloth Sukiyaki,2049
2050,บะหมี่เป็ดย่าง คลองตัน,2050
2051,Black Coffee Cafe (แบล็คคอฟฟี่ คาเฟ่),2051
2052,Bitter*Sweet homemade Ice Cream (บิทเทอร์*สวีท),2052
2053,Bun ( บัน),2053
2054,Sammi Homme Croissant,2054
2055,LIFE roaster,2055
2056,RyotaShabu,2056
2057,Coffee Journey,2057
2058,Playboy Cafe (เพลย์บอย คาเฟ่),2058
2059,spicy cat,2059
2060,Gyu-Kaku Japanese BBQ (กิวคาขุ),2060
2061,Mrs.Balbir’,2061
2062,Hooters (ฮูเตอร์ส),2062
2063,JW marriott,2063
2064,MK Gold,2064
